Erreur	Correction	Fréquence	
tgb	tib	1 
clafliques	classiques	1 
dusecond	seconde	1 
tchun-tfiou	chun-tfiou	1 
lild	lid	1 
c’eft	c’est	1 
repréfente	repréfente	1 
fur	fur	5 
diverfes	diverses	1 
fur	fur	5 
fur	fur	5 
fur	fur	5 
fur	fur	5 
ainfi	ainsi	1 
fignifîent	finiîent	1 
vifdeîau	videîau	1 
iij	ii	1 
efl	el	1 
l’hiftoire	l’histoire	1 
efl	el	1 
règnes	règnes	1 
lefquelles	lesquelles	1 
gouvernoient	gouvernoient	1 
tchun-tfiou	chun-tfiou	1 
c’eft-à-dire	c’est-à-dire	1 
efl	el	1 
eft	eft	1 
eft	eft	1 
repréfenté	représenté	1 
facesy	faces	1 
fa	fa	1 
avoit	avoit	1 
fujets	sujets	1 
l’enfeignoit	l’enseignait	1 
iij	ii	1 
fentences	sentences	1 
circonftances	circonstances	1 
foiblefse	faiblesse	1 
étoit	étoit	1 
exprimoieut	exprimoieut	1 
étoitle	étoile	1 
hiftorique	historique	1 
loates	coates	1 
infirmerions	infirmerions	1 
l’occafion	l’occasion	1 
vïj	vïj	1 
eût	eût	1 
nécefsairement	nécessairement	1 
devoit	devait	1 
fentir	sentir	1 
connoître	connoître	1 
néceflîté	néreflîté	1 
fuivre	suivre	1 
renfermoient	renfermoient	1 
c’efl	c’el	1 
lorfque	lorsque	1 
néceflîté	néreflîté	1 
profirent	profitent	1 
s’introduifent	s’introduisent	1 
fe	fe	2 
fe	fe	2 
refpect	respect	1 
adminiftrateurs	administrateurs	1 
plufieurs	plusieurs	1 
fieclcs	fields	1 
refpecl	respect	1 
fe	fe	1 
foldats	soldats	1 
fages	fages	1 
puifsance	puissance	1 
pafse	passe	1 
oppofer	opposer	1 
pallions	allions	1 
pouvoit	pouvoir	1 
l’impoflîbilité	l’implîbilité	1 
inftruire	instruire	1 
caufe	cause	1 
caufe	cause	1 
défolbient	défilaient	1 
efprits	esprits	1 
fagacké	baracké	1 
xiij	xiii	1 
fimplicité	simplicité	1 
doué	doué	1 
afsez	assez	1 
fagacité	fagacité	1 
fouvenir	souvenir	1 
fubfîitoit	fbfîtoit	1 
rétablifsement	rétablissement	1 
0"uvernement	0"gouvernement	1 
s’emprefsa	s’empressa	1 
pofsédoit	possédoit	1 
rendoit	rendit	1 
etdonnoit	entonnoir	1 
fuccès	succès	1 
jufqu’à	jusqu’à	1 
fubiïltcr	subiïlcr	1 
beftiaux	bestiaux	1 
remplifsoit	remplissait	1 
lorfqu’il	lorsqu’il	1 
fortit	sortit	1 
claffiques	classiques	1 
difciples	disciples	1 
préfidence	présidence	1 
juftice	justice	1 
défintérefsement	déintéressement	1 
univerfellement	universellement	1 
miniftre	ministre	1 
pofseiïion	posteïion	1 
chao-tching-mao	chao-thing-mao	1 
caufoit	autorit	1 
défordre	déordre	1 
furprit	surprit	1 
difciples	disciples	1 
étoit	étoit	1 
cona	cons	1 
artificieufe	artificielle	1 
menfonges	mensonges	1 
faufseté	fausseté	1 
heureufe	heureuse	1 
plailance	plaisance	1 
courtifan	courtisan	1 
fubitement	subitement	1 
réfolut	résolut	1 
hift	hit	1 
svïj	svïj	1 
préfent	présent	1 
reçut	reçut	1 
préfent	présent	1 
fon	fon	1 
fortit	sortit	1 
fe	fe	1 
princefse	princesse	1 
époufe	épouse	1 
où	où	1 
attendoit	attendait	1 
fpectacle"	spectacle"	1 
ah	ah	1 
confu«	connu«	1 
n’avois	n’avoir	1 
jufqu’ici	jusqu’ici	1 
venta«	vente«	1 
blement	lement	1 
fe	fe	1 
plût	plût	1 
cornb	corne	1 
iij	ii	1 
pagnie	pagne	1 
plaifir	plaisir	1 
fe	fe	1 
afsez	assez	1 
difpofition	disposition	1 
doetrine	doctrine	1 
pafsa	passa	1 
priacipautéde	principautéde	1 
difciples	disciples	1 
inftruifoït	intrusionït	1 
préfident	président	1 
fabre	fabre	1 
portoit	portait	1 
paroître	paroître	1 
avoit	avoit	1 
difciples	disciples	1 
fe	fe	1 
afsez	assez	1 
tien	tien	1 
miniftres	ministres	1 
confidéroit	considérait	1 
ainfi	ainsi	1 
pafsé	pasé	1 
eft	eft	1 
eft	eft	1 
miniftres	ministres	1 
l’appellcr	l’appeller	1 
fentit	entit	1 
confacra	consacra	1 
expliqua	expliqua	1 
difciples	disciples	1 
eompofa	composa	1 
penfeigner	enseigner	1 
hilt	hill	1 
genér	genér	1 
xsj	xj	1 
perfuader	persuader	1 
propofoit	proposait	1 
d’amufer	d’amuser	1 
courtifans	courtisans	1 
fuperficiels	superficiels	1 
cmpire	empire	1 
avoit	avoit	1 
falloit	fallait	1 
l’expoiîtion	l’exposîtion	1 
fimplicité	simplicité	1 
acceffible	accessible	1 
vouloit	voulait	1 
pafsager	passager	1 
étoit	étoit	1 
avoit	avoit	1 
empe-	emp-	1 
xxij	xxie	1 
b	b	1 
efptits	petits	1 
impreffion	impression	1 
étoit	étoit	1 
l’cfprit	l’esprit	1 
favoit	favoit	1 
donnoit	donnoit	1 
connoifsance	connaissance	1 
folide	solide	1 
fur-tout	fur-tout	1 
faifant	faisant	1 
fentir	sentir	1 
nécerfité	nécessité	1 
préfentant	présentant	1 
fa	fa	1 
fes	fes	1 
perfuader	persuader	1 
ftyle	style	1 
facrifîcr	actifsîcr	1 
fes	fes	4 
fes	fes	4 
précifion	précision	1 
fans	fans	1 
fes	fes	4 
fes	fes	4 
nécefsaire	nécessaire	1 
pourroit	pourrait	1 
fouvenir	souvenir	1 
fes	fes	1 
difciples	disciples	1 
précicifion	préincision	1 
y’obfcrve-	y’observe-	1 
dirfufion	diffusion	1 
confufion	confusion	1 
préfenter	présenter	1 
fes	fes	1 
fubtilité	subtilité	1 
expreflions	expressions	1 
fophe	forme	1 
amufer	amuser	1 
applaudifsements	applaudissements	1 
fes	fes	1 
foixante	soixante	1 
doftrine	doctrine	1 
difciples	disciples	1 
apprisl’art	appris’art	1 
l’enfeigner	l’enseigner	1 
infpiré	inspiré	1 
couragede	courage	1 
cnfcignement	confinement	1 
zèle	zèle	1 
doctrinede	doctrine	1 
miniftres	ministres	1 
d’inftmétion	d’intétion	1 
néceflité	nécessité	1 
chao-hoangti	chao-hongrie	2 
dynaftie	dynastie	1 
illupcres	illustres	1 
chao-hoangti	chao-hongrie	2 
eût	eût	1 
s’étoit	s’étoit	1 
fuccefseurs	successeurs	1 
fes	fes	1 
rétablifsent	rétablissent	1 
inftituteurs	instituteurs	1 
doéleurs	doéleurs	1 
fujets	sujets	1 
conftruire	construire	1 
falle	falle	1 
foixante	soixante	1 
fes	fes	1 
difciples	disciples	1 
auffitôt	suffitôt	1 
aujour«	aujourd«	1 
ainfi	ainsi	1 
efprit	esprit	1 
invocc	incarc	1 
quentfe	quente	1 
fiege	fige	1 
l’ef(ij	l’ef(ij	1 
hift	hit	1 
p	p	1 
fon	fon	2 
eft	eft	1 
foieries	foieries	1 
fon	fon	2 
ainfi	ainsi	1 
imce	ice	1 
eft	eft	1 
falles	filles	1 
confacrées	consacrées	1 
fon	fon	1 
afsurent	assurent	1 
hift	hit	1 
delà	delà	1 
défordres	déordres	1 
pourfa	pourra	1 
facrés	sacrés	1 
efprit	esprit	1 
repofe	repose	1 
fes	fes	1 
eft	eft	1 
où	où	1 
dynaftic	dynastie	2 
fuccefseur	successeur	1 
dynaftic	dynastie	2 
elt	elt	1 
xxxj	xxx	1 
philofophe	philosophe	1 
reconuoître	reconnaître	1 
fon	fon	1 
difciple	disciple	1 
fa	fa	1 
eft	eft	1 
expofée	exposée	1 
fes	fes	1 
difciples	disciples	1 
tufie	tudie	1 
piétéfilialesel’école	piétéfamiliales’école	1 
enfeigne	enseigne	1 
perfonne	personne	1 
fubi	subi	1 
plulîeurs	plusîeurs	1 
not’lprocem	not’proche	1 
fyftême	fftême	1 
fophie	sophie	1 
exifte	existe	1 
feroient	feraient	1 
s’étoient	s’étoient	1 
n’eft	n’est	1 
connoître	connoître	1 
fyftême	fftême	1 
connoît	connoît	1 
fyfrême	ffrême	1 
imprilné	imprimé	1 
amftcrdam	amsterdam	1 
ainfî	infî	1 
peufé	peuté	1 
françoife	françoise	1 
seroit	serait	1 
perfonnes	personnes	1 
n’eftpas	n’etats	1 
eft	eft	1 
xxxv	xxx	1 
-chiuoife	-chinoise	1 
eft	eft	2 
corifucius	confucius	1 
difciple	disciple	2 
tfem-tfée	them-tfée	1 
difciple	disciple	2 
eft	eft	2 
connoître	connoître	1 
fes	fes	1 
fur	fur	1 
ainfî	infî	1 
fe	fe	1 
rétablifsement	rétablissement	2 
fon	fon	1 
c’eft-àdire	c’est-àdire	1 
rétablifsement	rétablissement	2 
raifon	raison	2 
raifon	raison	2 
conduifent	conduisent	1 
fes	fes	1 
femblables	semblables	1 
eft	eft	1 
philofophe	philosophe	1 
auflî-bien	aflî-bien	1 
jufte	juste	1 
tsée-sée	tsée-sée	1 
eft	eft	1 
fuivre	suivre	1 
n’eft	n’est	1 
raifon	raison	1 
jufqu’à	jusqu’à	1 
redefeend	redescend	1 
fes	fes	1 
conferve	conserve	1 
jufte	juste	1 
feiences	sciences	1 
etc	etc	1 
eft	eft	1 
philofophe	philosophe	1 
c’eft	c’est	2 
ainfi	ainsi	2 
penfent	pensent	1 
favants	savants	1 
c’eft	c’est	2 
ainfi	ainsi	2 
intorceta	intercept	1 
traduqion	tradition	1 
jufie	julie	1 
fcience	science	1 
raifonnable	raisonnable	1 
veller	veiller	1 
cefse	cesse	1 
lorfqu’on	lorsqu’on	1 
eft	eft	1 
aij	ais	1 
pallions	allions	1 
raifonnable	raisonnable	1 
faifant	faisant	1 
c’eft	c’est	1 
ainfi	ainsi	1 
rétablifsant	rétablissant	1 
furface	surface	1 
lorfque	lorsque	1 
afsez	assez	1 
lagrande	lagrange	1 
fe	fe	1 
parfes	parues	1 
inftructions	instructions	1 
fes	fes	1 
rétablifsement	rétablissement	1 
raifonnable	raisonnable	1 
obftacles	obstacles	1 
déracinant	dérangeant	1 
vicieufes	vicieufes	1 
c’eft	c’est	1 
à-peuprès	à-peuplès	1 
ainfl	infl	1 
n’étoit	n’étoit	1 
fali	mali	1 
lorfqu’on	lorsqu’on	1 
iij	ii	1 
raifonnable	raisonnable	1 
cefser	cesser	1 
entreprife	entreprise	1 
c’eft	c’est	1 
ainfî	infî	1 
cefse	cesse	1 
lorfqu’il	lorsqu’il	1 
eft	eft	1 
maifon	maison	1 
deftination	destination	1 
connoît	connoît	1 
foutenu	soutenu	1 
connoifsance	connaissance	1 
lorfque	lorsque	1 
fes	fes	1 
fens	fens	1 
fon	fon	1 
diftinguer	distinguer	1 
conféquent	conféquent	1 
fe	fe	1 
prefque	presque	1 
chofes	choses	1 
accefsoire	accessoire	1 
d’entreprife	d’entreprise	1 
fuivre	suivre	1 
s’expofer	s’exposer	1 
méprife	méprise	1 
voudroit	voudrait	1 
fur	fur	1 
auroit	aurait	1 
leurame	lecture	1 
fa	fa	2 
fa	fa	2 
enfuite	ensuite	1 
entreprife	entreprise	1 
eft	eft	2 
connoifsance	connaissance	1 
eft	eft	2 
eft	eft	1 
connoît	connoît	1 
fuivirent	suivirent	1 
compofent	composent	1 
raifonnable	raisonnable	1 
régnerla	régnera	1 
maifon	maison	2 
maifon	maison	2 
falloit	fallait	3 
falloit	fallait	3 
pouvoient	pouvaient	1 
affermifsant	affermifsant	1 
falloit	fallait	3 
l’ame	l’ame	1 
raifonnement	raisonnement	1 
pxquît	piquît	1 
connoifsance	connaissance	1 
feul	seul	1 
étoit	étoit	1 
chofes	choses	1 
c’eft-à-dire	c’est-à-dire	1 
philofophie	philosophie	1 
ainfi	ainsi	1 
philofophie	philosophie	1 
bafe	base	1 
fur	fur	1 
portoit	portait	1 
fublime	sublime	1 
philofophie	philosophie	1 
connoifsance	connaissance	2 
connoît	connoît	1 
connoifsance	connaissance	2 
ccrnement	rendement	1 
déshonnêtc	déhonnêtc	1 
connoifsance	connaissance	3 
déshonnête	déhonnête	1 
connoifsance	connaissance	3 
connoifsance	connaissance	3 
naifsent	naissent	1 
philofophie	philosophie	1 
favoir	avoir	1 
nécefsaîrement	nécessaîrement	1 
connoît	connoît	2 
hait	hait	1 
nécefsairement	nécessairement	1 
connoît	connoît	2 
eft	eft	1 
affermie	affermie	1 
connoifsance	connaissance	1 
fon	fon	2 
fon	fon	2 
fes	fes	1 
maifon	maison	1 
maifon	maison	1 
fon	fon	2 
établifsant	établissant	1 
ton	ton	1 
fon	fon	2 
caufer	causer	1 
efpece	efpece	1 
fublime	sublime	1 
l’établiffement	l’établissement	1 
c’eft	c’est	1 
vifiblement	visiblement	1 
fe	fe	1 
philofophie	philosophie	1 
connoifsances	connaissances	1 
l’efprit	l’esprit	1 
naifsent	naissent	1 
difeipline	discipline	2 
produifent	produisent	1 
maifon	maison	2 
difeipline	discipline	2 
maifon	maison	2 
ainfi	ainsi	1 
depuisl’empereurjufqu’au	depuis’empereurjufqu’au	1 
fes	fes	3 
fujets	sujets	1 
fes	fes	3 
fes	fes	3 
mauvaifes	mauvaises	1 
maifon	maison	1 
c’eft	c’est	1 
fortir	sortir	1 
defséché	deséché	1 
lorfqu’après	lorsqu’après	1 
fon	fon	1 
efprit	esprit	1 
fes	fes	1 
entreprife	entreprise	1 
fuivre	suivre	1 
zèle	zèle	1 
fe	fe	1 
indiftinétement	finitionétement	1 
embrafse	embrasse	1 
compofent	composent	1 
maifon	maison	1 
nfanguins	sanguins	1 
voifins	voisins	1 
maifon	maison	2 
pourroit-il	pourrait-il	1 
zèle	zèle	1 
nécefsaires	nécessaires	1 
blir	blair	1 
maifon	maison	2 
oila	voila	1 
eft	eft	1 
iij	ii	1 
is	is	1 
fcience	science	1 
fon	fon	1 
tfun-tfée	fun-tfée	1 
s’eft	s’est	1 
feul	seul	1 
ily’ajointun	ily’adjoint	1 
tranfmis	transmis	1 
clafiîques	claviîques	1 
tfun-tfée	fun-tfée	1 
fcience	science	1 
lerenouvellement	renouvellement	1 
des’éleveràlaperfection	des’éleveràperfection	1 
néceffité	nécessité	2 
diftinguerl’accefsoire	distinguer’accessoire	1 
néceffité	nécessité	2 
connoître	connoître	2 
chofes	choses	1 
connoître	connoître	2 
lanéceflîté	lanéreflîté	1 
néceffaire	nécessaire	1 
fes	fes	2 
lanécerfité	lanéseraité	1 
fes	fes	2 
maifon	maison	2 
nécefïïté	néceïïté	1 
maifon	maison	2 
difciple	disciple	1 
éclaircifsements	éclaircissements	1 
efpece	efpece	1 
fpéculations	fpéculations	1 
foit	fait	1 
impoffible	impossible	1 
defquels	desquels	1 
plufieurs	plusieurs	1 
raifonnable	raisonnable	1 
lesfïlsdeven-ven	lesïdevient-ven	1 
illuftre	illustre	1 
fon	fon	2 
raifonnable	raisonnable	1 
fon	fon	2 
fe	fe	1 
préferver	préserver	1 
pouvoit	pouvoir	1 
l’obfcurcir	l’obscurcir	1 
regardoit	regardait	1 
dynaftie	dynastie	1 
difent	disent	1 
fes	fes	1 
enfuite	ensuite	1 
délirèrent	délibèrent	1 
(i).	(i).	1 
taiticn	tition	1 
rétablifsement	rétablissement	1 
avoit	avoit	1 
fes	fes	1 
miniftre	ministre	1 
rcpréfentations	représentations	1 
fur	fur	1 
s’expofoit	s’exploit	1 
infenfible	insensible	1 
miniftre	ministre	1 
n’eft	n’est	1 
mauvaifes	mauvaises	1 
fépulture	fépulture	1 
fon	fon	1 
tchin-tac	chin-tac	1 
inflructions	instructions	1 
raifon	raison	1 
cliun	clin	1 
n’avoit	n’avoit	1 
efprit	esprit	1 
siang	sang	1 
raifonnable	raisonnable	1 
fes	fes	1 
lorfque	lorsque	1 
fuccefseur	successeur	1 
propoferent	proposeront	1 
y-a-o	y-a-o	1 
y-a-o	y-a-o	1 
raifonnable	raisonnable	1 
fupérieur	supérieur	1 
difcrétion	discrétion	1 
fes	fes	1 
avoient	avoient	1 
mauvaife	mauvaise	1 
reufe	reuse	1 
soimême	soitême	1 
tchin-tang	chin-tang	1 
lavoit	lavoir	1 
vifage	visage	1 
portoit	portait	1 
avoit	avoit	1 
afsez	assez	1 
devoit	devait	1 
l’inltruc"tion	l’intrus"tion	1 
religieufes	religieuses	1 
foutiennent	soutiennent	1 
inftruftions	instructions	1 
miniftres	ministres	1 
n’eft	n’est	2 
dupeupie	peuplier	1 
n’eft	n’est	2 
fuivit	suivit	1 
venvam	venant	1 
efprit	esprit	1 
fes	fes	1 
renouvella	renouvelle	2 
renouvella	renouvelle	2 
c’eft	c’est	1 
clii-king	clin-king	1 
foient	soient	1 
jufqu’à	jusqu’à	1 
hev-eié	hev-eié	1 
eft	eft	1 
fe	fe	1 
foutient	soutient	1 
fon	fon	1 
imk	imp	1 
croyoient	croyaient	1 
c’étoitdans	c’étitans	1 
troifîeme	troisîeme	1 
fur	fur	1 
puifse	puisse	1 
diftrict	district	1 
eft	eft	1 
ftades	stades	1 
iij	ii	1 
efpace	espace	1 
perfonne	personne	1 
conftamment	constamment	1 
paifible«	paisible«	1 
connoiisances	connaissances	1 
clii-king	clin-king	1 
favent	savent	1 
efearpés	enfermés	1 
oifeaux	oiseaux	1 
n’eft-il	n’est-il	1 
foit	fait	1 
filoin	filion	1 
eft	eft	2 
eft	eft	2 
favoir	avoir	1 
préfentement	présentement	1 
jettez	jette	1 
venvam	venant	1 
fubli«	publi«	1 
fplen«	place«	1 
efprit	esprit	1 
tendoit	tendait	1 
blcs	blocs	1 
perfeûion	perteûion	1 
loute	toute	1 
fi	fi	1 
fuivez	suivez	1 
venvam	venant	1 
fa	fa	1 
fon	fon	2 
fouverain	souverain	2 
fon	fon	2 
tendrefse	tendresse	1 
fujet	sujet	1 
eft	eft	1 
fubordination	subordination	1 
refpeâpourle	refpeâpoule	1 
fouverain	souverain	2 
fes	fes	2 
peâ	peâ	1 
rofeaux	roseaux	1 
croifsent	croisent	1 
fes	fes	2 
cefse	cesse	1 
verducc	verdict	1 
c’eft	c’est	1 
l’attelier	l’atelier	1 
confidérez	considérez	1 
fon	fon	1 
feie	fie	1 
enfuite	ensuite	1 
polit	poli	1 
enfuite	ensuite	1 
l’émeril	l’émeryl	1 
fagacité	fagacité	1 
fes	fes	1 
pofcc	proc	1 
fédoit	fédoit	1 
venvam	venant	1 
feie	fie	1 
polit	poli	1 
enfuite	ensuite	1 
fciences	sciences	1 
fes	fes	1 
poe’te	poe’te	1 
efprit	esprit	1 
s’eft	s’est	1 
cefsé	cesé	1 
nésrliçrence	néssliçrence	1 
diftraction	diffraction	1 
connoifsances	connaissances	1 
acquifes	acquises	1 
devoit	devait	1 
fes	fes	1 
majefté	majesté	1 
répandoit	répandit	1 
perfonne	personne	1 
infpiroit	inspirait	1 
voyoient	voyaient	1 
defir	defir	1 
conclufîon	conclutîon	1 
pof«	of«	1 
s’étoit	s’étoit	1 
tablifsant	tablissant	1 
raifonnable	raisonnable	1 
fur	fur	1 
impreflion	impression	1 
refpeit	respect	1 
fouvenir	souvenir	1 
ilre	lire	1 
luftre	lustre	1 
fe	fe	1 
enfevelies	ensevelies	1 
préfente	préfente	1 
efprits"	esprits"	1 
jufqu’ànous	jusqu’ànous	1 
perfonne	personne	1 
fages	fages	1 
fuivi	suivi	1 
tranfmis	transmis	1 
d’enftignements	d’enseignements	1 
s’eft	s’est	1 
poftérité	postérité	1 
jouifsent	jouissent	1 
établifsements	établissements	1 
loix	loix	1 
inftitutions	institutions	1 
iiluftres	illustres	1 
ainfi	ainsi	1 
chofes	choses	1 
i’ac-	i’ac-	1 
pourrois	pourrons	1 
eft	eft	1 
c’eft	c’est	1 
foimême	foisême	1 
infpirer	inspirer	1 
fenttment	sentiment	1 
nge	nge	1 
faufseté	fausseté	1 
fource	force	1 
n’ofcnt	n’ont	1 
fe	fe	1 
lorfqu’un	lorsqu’un	1 
raifonnable	raisonnable	1 
fociales	sociales	1 
defquels	desquels	1 
curiofité	curiosité	1 
improbation	approbation	1 
ofent	osent	1 
afpirer	aspirer	1 
confidération	considération	1 
bannifsent	bannifsent	1 
cceur	coeur	1 
naifsent	naissent	1 
c’eft	c’est	1 
l’accefsoire	l’accessoire	1 
jurifprudence	jurisprudence	1 
juftice	justice	1 
tfun-tfée	fun-tfée	1 
expliquoit	expliquait	1 
fur	fur	1 
connoifsance	connaissance	1 
connoître	connoître	1 
chofes	choses	1 
s’eft	s’est	1 
fubftituées	substituées	1 
paroifsent	produisent	1 
fens	fens	1 
l’efprit	l’esprit	1 
fon	fon	1 
difpofitions	dispositions	1 
hait	hait	2 
fuit	fuit	1 
hait	hait	2 
fon	fon	1 
fe	fe	1 
fuffit	suffit	1 
méprifes	méprises	1 
illufions	illusions	1 
fur	fur	1 
fource	force	1 
déguifement	déguisement	1 
l’impofiure	l’imposture	1 
ainli	ainsi	1 
fatisfaétion	faisantétion	1 
faufseté	fausseté	1 
gkand’ê	grand’ê	1 
scrtncl	scrutin	1 
n’eft	n’est	1 
eft	eft	1 
fe	fe	2 
efpece	efpece	1 
folitude	solitude	1 
fe	fe	2 
fouvent	fouvent	1 
fur	fur	1 
feul	seul	1 
connoître	connoître	1 
déguifement	déguisement	1 
diflîmulation	diffîmulation	1 
fincéritélaplus	fincéritélapsus	1 
eft	eft	1 
ainfi	ainsi	1 
efpece	efpece	1 
préfomptueux	présomptueux	1 
qu’infenfés	qu’infectés	1 
lorfqu’ils	lorsqu’ils	1 
feuls	seuls	1 
agifsent	agissent	1 
fe	fe	1 
refufent	refusent	1 
phyfionomie	physionomie	1 
refsources	ressources	1 
efl	el	1 
affeftionde	affectionne	1 
fon	fon	1 
fa	fa	1 
fes	fes	1 
expreffions	expressions	1 
connoît	connoît	1 
chofes	choses	1 
efsence	essence	1 
liaifons	liaisons	1 
faufses	fausses	1 
lefquelles	lesquelles	1 
cefse	cesse	1 
fentiment	sentiment	1 
puifse	puisse	1 
perfonne	personne	1 
fe	fe	2 
pafse	passe	1 
fe	fe	2 
fentiment	sentiment	1 
foit	fait	1 
manifefte	manifeste	1 
obfervent	observent	1 
puifque	puisque	1 
fur	fur	3 
fes	fes	1 
foient	soient	1 
femble	semble	1 
s’obferver	s’observer	1 
fur	fur	3 
fur	fur	3 
fourds	lourds	1 
fur	fur	1 
l’expreffion	l’expression	1 
fa	fa	1 
maifon	maison	1 
fes	fes	1 
averfion	aversion	1 
ainli	ainsi	1 
chofe	chose	1 
l’averfion	l’aversion	1 
eft	eft	1 
fes	fes	1 
fa	fa	1 
lorfque	lorsque	1 
triftefse	tristesse	1 
impofent	imposent	1 
laraifon	paration	1 
abfolument	absolument	1 
ufagelégitime	usageégitime	1 
ainfi	ainsi	1 
fe	fe	1 
fe	fe	1 
conferver	conserver	1 
fon	fon	1 
repréfenter	représenter	1 
eft	eft	1 
lagrande	lagrange	1 
ainfi	ainsi	1 
foit	fait	1 
paflîons	paulîons	1 
lorfque	lorsque	1 
tumultueufes	tumultueufes	1 
domter	douter	1 
eft	eft	2 
défordre	déordre	1 
l’organifation	l’organisation	1 
eft	eft	2 
difeerne	difeerne	1 
eij	ei	1 
fondrions	fonctions	1 
fa	fa	1 
maifon	maison	1 
lorfque	lorsque	1 
fes	fes	1 
lorfqu’un	lorsqu’un	1 
fes	fes	1 
fa	fa	2 
fa	fa	2 
maifon	maison	1 
difcipline	discipline	1 
fignifie	signifie	1 
eft	eft	1 
domeftique	domestique	1 
fe	fe	1 
fuggeftions	suggestions	1 
fentiment	sentiment	1 
fentimcnts	sentiments	1 
raifon	raison	1 
refpecl	respect	1 
commifération	commisération	1 
prefque	presque	1 
blâme	blâme	1 
fe	fe	1 
afsuré	assuré	1 
raifonnable	raisonnable	1 
chofe	chose	1 
efl	el	1 
mauvaife	mauvaise	1 
méprifable	méprisable	1 
prefque	presque	1 
perfonneneconnoîtles	perfonneneconnoîtles	1 
configné	confiné	1 
iij	ii	1 
connoît	connoît	1 
fon	fon	1 
richefse	richesse	1 
fur	fur	2 
tendrefse	tendresse	1 
fur	fur	2 
royau«	royal«	1 
maifon	maison	1 
difeipline	discipline	1 
domeftique	domestique	1 
eft	eft	1 
maifon	maison	1 
scîïncï	scîïncï	1 
rj	rj	1 
inftruire	instruire	1 
fon	fon	4 
maifon	maison	2 
fortir	sortir	1 
fon	fon	4 
fon	fon	4 
n’eft	n’est	1 
fouverain	souverain	2 
eft	eft	2 
perede	perde	1 
eft	eft	2 
maifon	maison	2 
fujets	sujets	1 
fouverain	souverain	2 
l’obéifsance	l’obéissance	1 
fon	fon	4 
magiftrats	magistrats	1 
refpeiït	reprisït	1 
dets	des	1 
jeurs	leurs	1 
fouverain	souverain	1 
fujets	sujets	1 
fur	fur	1 
fon	fon	1 
tendreffe	tendresse	1 
follicitude	sollicitude	1 
cefse	cesse	1 
préferver	préserver	1 
fes	fes	1 
befoins	besoins	1 
refufe	refuse	1 
pourrok	pourra	1 
fi	fi	1 
eit	eit	1 
tendrefse	tendresse	1 
n’eftpas	n’etats	1 
fentiment	sentiment	1 
l’exiftence	l’existence	1 
puifsante	puissante	1 
fes	fes	1 
aulfitôt	auraitôt	1 
eft	eft	1 
refpect	respect	1 
fes	fes	1 
fon	fon	1 
aufli	aussi	1 
fentiments	sentiments	1 
loix	loix	1 
nécefsairement	nécessairement	1 
ainfi	ainsi	1 
loix	loix	1 
fentiments	sentiments	1 
fon	fon	1 
l’exemplede	l’exemple	1 
naifsent	naissent	1 
fentiments	sentiments	1 
germe	germe	1 
fi	fi	1 
eft	eft	2 
eft	eft	2 
feul	seul	1 
pafser	passer	1 
[es	[es	1 
poifon	poison	1 
l’injuihce	l’injustice	1 
difsolution	dissolution	1 
fon	fon	1 
difcorde	discorde	1 
feule	seule	1 
caufe	cause	1 
c’eft	c’est	1 
difant	disant	1 
fauver	sauver	1 
avoient	avoient	1 
tendrefse	tendresse	1 
fon	fon	1 
tchcou	tchcou	1 
injuftes	injustes	1 
défordre	déordre	1 
caufé	saufé	1 
renverfa	renverfa	1 
c’eft	c’est	1 
infpirer	inspirer	1 
bienfaifance	bienfaisance	1 
n’eft	n’est	1 
ainfî	infî	1 
lorfqu’unprincefageveut	lorsqu’unprincefageveut	1 
fujets	sujets	1 
prefcrire	prescrire	1 
profcrire	proscrire	1 
fixande	irlande	1 
l’obéifsance	l’obéissance	1 
fujets	sujets	1 
lorfqu’ilcommandera	lorsqu’ilcommandera	1 
refufe	refuse	1 
fes	fes	1 
c’eft	c’est	1 
adminiftration	administration	1 
maifon	maison	2 
maifon	maison	2 
chi-king	chi-king	1 
puifsant	puissant	1 
couce	coupe	1 
bellie	belle	1 
deftie	petite	1 
fembk	femme	1 
maifon	maison	1 
ion	ion	1 
eft	eft	1 
fa	fa	1 
maifon	maison	1 
l’impreffion	l’impression	1 
fon	fon	1 
infpire	inspire	1 
defir	defir	1 
refsembler	ressembler	1 
fe	fe	1 
ainfi	ainsi	1 
offroit	offrait	1 
maifon	maison	1 
fon	fon	1 
ion	ion	1 
ainfi	ainsi	1 
maifon	maison	1 
fentiments	sentiments	1 
infpirer	inspirer	1 
defir	defir	1 
fag-e	nag-e	1 
annoncez	annoncez	1 
illuftre	illustre	1 
affabilité	affaiblité	1 
s’eft	s’est	1 
qua«	qua«	1 
fujets	sujets	1 
tendrefse	tendresse	1 
fes	fes	2 
fes	fes	2 
s’emprefsera	s’empressera	1 
c’eft	c’est	1 
ainfi	ainsi	1 
adminiftration	administration	1 
fon	fon	1 
ïiij	ïii	1 
fon	fon	1 
toutl’emcc	tout’emc	1 
règle	règle	1 
fon	fon	2 
efprit	esprit	1 
fon	fon	2 
l’inférieur	l’inférieur	1 
fes	fes	1 
fupérieurs	supérieurs	1 
fon	fon	1 
fa	fa	1 
avutitôt	avaitôt	1 
jla	jla	1 
connoifsant	connaissant	1 
refpeâ	refpeâ	1 
fes	fes	1 
auffitôt	suffitôt	1 
eft	eft	1 
inftruit	instruit	1 
commifération	commisération	1 
fenfîbilité	fenîbilité	1 
etaux	taux	1 
ill’apour	ill’pour	1 
fa	fa	1 
maifon	maison	1 
fes	fes	1 
fujets	sujets	1 
lorfqu’uiie	lorsqu’unie	1 
fon	fon	1 
germe	germe	1 
femblent	semblent	1 
efprit	esprit	1 
naifsent	naissent	1 
l’artifte	l’artiste	1 
fur	fur	2 
mefure	mesure	2 
fur	fur	2 
mefure	mesure	2 
efprits	esprits	1 
eft	eft	1 
fefprit	esprit	1 
fervir	servir	1 
inférieur	inférieur	2 
fupérieur	supérieur	2 
fupérieur	supérieur	2 
inférieur	inférieur	2 
eft	eft	1 
connoître	connoître	1 
fentiments	sentiments	1 
fuivroit	suivront	1 
verroit	verront	1 
fon	fon	1 
ode	ode	1 
inftruments	instruments	1 
deftinés	destinés	1 
fècc	fècc	1 
fafsent	fassent	1 
fes	fes	1 
pareequ’il	parcequ’il	1 
ec	ec	1 
fon	fon	1 
tendrefse	tendresse	1 
fon	fon	3 
fon	fon	3 
fon	fon	3 
ainfi	ainsi	1 
affeétions	affétions	1 
mefurer	mesurer	1 
efprits	esprits	1 
n’efl	n’el	1 
efprits	esprits	2 
ode	ode	1 
avoit	avoit	1 
miniivre	ministre	1 
ifsu	issu	1 
l’illuitre	l’illustre	1 
efprits	esprits	2 
nues	nues	1 
hérifsées	hérifsées	1 
incc	inc	1 
fpecîateur	flecîateur	1 
fuperbe	superbe	1 
élevé	élevé	1 
fe	fe	1 
sciencï	scienceï	1 
l’appcrçoit	l’apprçoit	1 
penfe	pense	1 
taifent	taient	1 
fatisfaire	satisfaire	1 
lorfqu’ils	lorsqu’ils	1 
jultes	jules	1 
irritera	irriter	1 
efprits	esprits	1 
fon	fon	1 
fur	fur	1 
puilsance	puissance	1 
abfolue	absolue	1 
ainfi	ainsi	1 
empe«	emp«	1 
dynaftie	dynastie	1 
y-n	y-n	1 
fuiet	fuite	1 
infpirations	inspirations	1 
raifon	raison	1 
lorfque	lorsque	1 
deccendants	descendants	1 
raicon	raison	1 
devince	devance	1 
peuce	puce	1 
cefse	cesse	1 
srardez-vous	gardez-vous	1 
foit	fait	1 
fe	fe	1 
fuprême	suprême	1 
élevé	élevé	1 
renverfe	renverse	1 
pafsage	passage	1 
exprefsément	expressément	1 
l’hiftoire	l’histoire	1 
fe	fe	1 
fes	fes	2 
fes	fes	2 
efl	el	1 
raifonnable	raisonnable	2 
lorfqu’il	lorsqu’il	1 
raifonnable	raisonnable	2 
paixet	partie	1 
heureufement	heureusement	1 
fon	fon	2 
profpérité	prospérité	1 
fon	fon	2 
eft	eft	2 
eft	eft	2 
cefsaire	cessaire	1 
confervation	conservation	1 
fon	fon	1 
eft	eft	1 
nécefsaire	nécessaire	1 
c’eft	c’est	1 
poun	pour	1 
ainfi	ainsi	1 
fecondaire	secondaire	1 
fortent	portent	1 
eft	eft	1 
fource	force	1 
eftime	estime	1 
n’eft	n’est	1 
fecondaire	secondaire	1 
ainfî	infî	2 
ion	ion	1 
fes	fes	2 
fujets	sujets	1 
l’injuftice	l’injustice	1 
ainfî	infî	2 
amafser	amasser	1 
richefses	richesses	1 
l’efpric	l’esprit	1 
fes	fes	2 
feme	femme	1 
richefses	richesses	2 
ainfi	ainsi	1 
amafsant	amassant	1 
richefses	richesses	2 
richefses	richesses	1 
fes	fes	2 
fujets	sujets	1 
eft	eft	1 
fes	fes	2 
richeffes	richesses	1 
venvam	venant	1 
ton	ton	1 
avoit	avoit	1 
iij	ii	1 
feul"	seul"	1 
lignifie	lignifie	1 
eft	eft	1 
richefses	richesses	1 
au-defsus	au-dessus	1 
richefses	richesses	1 
miniftxe	ministre	1 
yn	en	1 
ambafsade	ambassade	1 
kanfi	kanji	1 
detfou	retour	1 
l’ambafsadeur	l’ambassadeur	1 
pareeque	pareeque	1 
n’eftimons	n’estimons	1 
kanfi	kanji	1 
tendoit	tendait	1 
cefse	cesse	1 
fortit	sortit	1 
plufieurs	plusieurs	1 
so’	so’	1 
fon	fon	1 
venoir	venir	1 
confeilla	conseilla	1 
prefsa	prefsa	1 
fe	fe	1 
reconnoître	reconnaître	1 
fouverain	souverain	1 
naiffance	naissance	1 
rejetfa	rejeta	1 
confeils	conseils	1 
difant	disant	1 
fe"	fe"	1 
ce	ce	1 
feeptres	fectures	1 
effetj	effet	1 
lorfqu’il	lorsqu’il	1 
fon	fon	1 
défolatidn	déflation	1 
fur	fur	1 
efl	el	1 
fa	fa	3 
ton	ton	1 
eft	eft	1 
fa	fa	3 
fa	fa	3 
fon	fon	1 
richefses	richesses	1 
fe	fe	1 
fes	fes	1 
delà	delà	1 
lefquels	lesquels	1 
miniftre	ministre	1 
propofe	propose	1 
étoit	étoit	1 
miniftre	ministre	2 
mongkong	hongkong	1 
propofoit	proposait	1 
choifir	choisir	1 
tcin	cin	1 
avoit	avoit	1 
confeil	conseil	1 
miniftre	ministre	2 
suppofons	supposons	1 
miniftre	ministre	1 
xa	xa	1 
g1akd1	g1and1	1 
reconnoît	reconnaît	1 
fiens	liens	1 
feulement	seulement	1 
penfe	pense	1 
miniftre	ministre	1 
eft	eft	2 
eft	eft	2 
propofer	proposer	1 
conferver	conserver	1 
suppofons	supposons	1 
miniftre	ministre	1 
eft	eft	1 
penfe	pense	1 
defseins	desseins	1 
paroît	paroît	1 
choifira	choisira	1 
propofera	proposera	1 
remce	rence	1 
plir	pair	1 
foutecc	foutre	1 
femblable	semblable	1 
miniftre	ministre	1 
fe	fe	1 
choifir	choisir	1 
confeillers	conseillers	1 
iliftre	litres	1 
peftes	pertes	1 
peftes	pertes	1 
fe	fe	1 
fes	fes	1 
perverfité	perverfité	1 
fociété	société	1 
c’eft	c’est	1 
difant	disant	1 
ufte	fute	1 
saie	sait	1 
haïr	haïr	1 
connoît	connoît	1 
l’élevé	l’élevé	1 
l’y	l’y	1 
méprife	méprise	1 
connoît	connoît	1 
eft	eft	1 
conferve	conserve	1 
auelquc	quelque	1 
eftime	estime	1 
fes	fes	1 
defïre	defïre	1 
c’eft	c’est	1 
infensés	insensés	1 
infensés	insensés	1 
c’eft	c’est	1 
fimples	simples	1 
raifon	raison	1 
fcntiments	sentiments	1 
juftice	justice	1 
fouverain	souverain	1 
ainfi	ainsi	1 
adit	dit	1 
jufqu’ici	jusqu’ici	1 
exifte	existe	1 
mefurer	mesurer	1 
l’efprit	l’esprit	1 
jeur	leur	1 
fon	fon	1 
lorfque	lorsque	1 
defire	desire	1 
fuivre	suivre	1 
raifon	raison	1 
etce	etc	1 
j	j	1 
auflîtôt	aflîtôt	1 
diffipation	diffamation	1 
méprifcr	mépartir	1 
befoin	besoin	1 
richefses	richesses	1 
foutenir	soutenir	1 
maifon	maison	1 
dépenfes	dépenses	1 
l’adminiftration	l’administration	1 
aufli	aussi	1 
eft	eft	2 
fouverain	souverain	1 
eft	eft	2 
fimple	simple	1 
fuivantes	suivantes	1 
fouverain	souverain	1 
produifent	produisent	1 
richefses	richesses	1 
eft	eft	1 
lesh	lesh	1 
iij	ii	1 
difpenfent	dispensent	1 
fouverain	souverain	1 
fes	fes	1 
fe	fe	1 
propofe	propose	1 
tréfors	tréfors	1 
fon	fon	1 
fecours	recours	1 
richefses	richesses	2 
méprife	méprise	1 
ricbefses	richesses	1 
richefses	richesses	2 
fes	fes	1 
foit	fait	2 
foit	fait	2 
zélé	zélé	1 
fon	fon	1 
confervation	conservation	1 
tréfor	tréfor	1 
confcience	conscience	1 
fon	fon	1 
foit	fait	1 
hien-	bien-	1 
miniftre	ministre	2 
miniftre	ministre	2 
fouverain	souverain	1 
eft	eft	1 
nécefsaire	nécessaire	1 
fruf-	ruf-	1 
miniftres	ministres	1 
fupérieurs	supérieurs	1 
fe	fe	1 
fercc	fercc	1 
confidéra-;	considéra-;	1 
blés	blés	1 
pafteurs	pasteurs	1 
miniftres	ministres	1 
peuce	puce	1 
fournifsent	fournissent	1 
scjence	science	1 
parcequ’unbon	parcequ’union	1 
exacteurs	acteurs	1 
fes	fes	1 
miaiftre	ministre	1 
prouvoit	prouvait	1 
n’eft	n’est	1 
confeillés	conseillés	1 
efpece	efpece	1 
fafte	faite	1 
foutenir	soutenir	1 
confifter	confirmer	1 
groffir	offrir	1 
aigriront	partiront	1 
l’efprit	l’esprit	1 
defcendre	descendre	1 
fortir	sortir	1 
fages	fages	1 
falut	faut	1 
eft	eft	2 
fes	fes	1 
eft	eft	2 
loix	loix	1 
lrmffil-ieu	lrmffil-peu	1 
jla	jla	1 
eft	eft	3 
eft	eft	3 
sure	sure	1 
eft	eft	3 
inftant	instant	1 
fortirde	floride	1 
fes	fes	1 
pouvoit	pouvoir	1 
fortir	sortir	1 
deftination.	destination.	1 
seroir	servir	1 
fuivre	suivre	1 
fes	fes	1 
deftination	destination	1 
cefse	cesse	1 
lie	lie	1 
fon	fon	1 
feulement	seulement	1 
fur	fur	1 
fenfibles	sensibles	1 
eft	eft	2 
environné	environné	1 
foigneufement	soigneusement	1 
eft	eft	2 
ces	ces	1 
fubtiis	utilis	1 
fenfibles	sensibles	1 
c’eft	c’est	1 
mouve-.	moule-.	1 
riende	rience	2 
vifible	visible	1 
eft	eft	2 
riende	rience	2 
fenfible	sensible	1 
eft	eft	2 
fubtil	subtil	1 
cefse	cesse	1 
fecretes	recettes	1 
naifsance	naissance	1 
infenfibles	insensibles	1 
fuivre	suivre	1 
iiij	iii	1 
l’ame	l’ame	1 
effc	effac	1 
domter	douter	1 
trift’efse	drift’esse	1 
paffions	passions	1 
eft	eft	1 
jufte	juste	2 
raifon	raison	1 
lorfqu’elles	lorsqu’elles	1 
s’éleventet	s’élevaient	1 
fortir	sortir	1 
fon-	fon-	1 
jufte	juste	2 
ioj	ion	1 
raifon	raison	1 
efpece	efpece	1 
eft	eft	1 
raifonnable	raisonnable	1 
conftitue	constitue	1 
aclion	action	1 
afsuré	assuré	1 
eft	eft	2 
eft	eft	2 
puifque	puisque	1 
raifonnable	raisonnable	1 
conferver	conserver	1 
raifon	raison	1 
fes	fes	2 
fes	fes	2 
eft	eft	3 
fortir	sortir	1 
c’eft	c’est	2 
ainfi	ainsi	2 
fur	fur	1 
eft	eft	3 
chofe	chose	1 
eft	eft	3 
c’eft	c’est	2 
ainfi	ainsi	2 
croifsent	croisent	1 
filence	silence	1 
chofes	choses	1 
jufte	juste	1 
l’infensé	l’insensé	1 
fur	fur	1 
fon	fon	1 
connoît	connoît	1 
ioj	ion	1 
lorfqu’il	lorsqu’il	1 
fuivre	suivre	1 
jufte	juste	1 
preferit	prescrit	1 
raifon	raison	1 
l’infensé	l’insensé	1 
fur	fur	1 
fecrets	secrets	1 
(on	(on	1 
del’honncteté	del’connecteé	1 
fe	fe	1 
eft	eft	1 
jufte	juste	1 
eft	eft	1 
eft-il	et-il	1 
raifon	raison	1 
favants	savants	1 
philoetphes	philosophes	1 
s’eftiment	s’estiment	1 
afsez	assez	1 
foit	fait	1 
perfonnes	personnes	1 
connoif-	conomie-	1 
raifon	raison	1 
fe	fe	3 
fagacité	fagacité	1 
fimples	simples	1 
fe	fe	3 
connoître	connoître	1 
ainfi	ainsi	2 
fe	fe	3 
préfente	préfente	1 
ainfi	ainsi	2 
d’inftant	d’instant	1 
foit	fait	1 
d’ufage	d’usage	1 
prefque	presque	1 
perfonhe	personne	1 
fes	fes	1 
réfléchifse	réfléchisse	1 
fur	fur	1 
ainfi	ainsi	1 
connoifsent	connaissent	1 
afsez	assez	1 
boiffon	bouffon	1 
difeerner	discerner	1 
feul	seul	1 
prefque	presque	1 
perfonne	personne	1 
conftamment	constamment	1 
jufte	juste	1 
jufte	juste	1 
fuivie	suivie	1 
conftamment	constamment	1 
jettez	jette	1 
eft	eft	1 
poflîble	polîble	1 
connoître	connoître	1 
jufte	juste	1 
fuivre	suivre	1 
conftamment	constamment	1 
aimoit	aimait	1 
confulter	consulter	1 
confeils	conseils	2 
fubtils	subtils	1 
difcours	discours	1 
raifonnements	raisonnements	1 
filence	silence	1 
appercevoit	apercevoir	1 
confeils	conseils	2 
voyoit	voyait	1 
confeils	conseils	1 
paroifsent	produisent	1 
étoit	étoit	1 
raifons	raisons	1 
examinoit	examinait	1 
enfuite	ensuite	1 
pefoit	point	1 
réduifoit	réduisait	1 
jufte	juste	1 
régloit	réglait	1 
jugetome	jugement	1 
mllibu	malibu	1 
examinez	examiner	1 
n’eft	n’est	1 
ainfi	ainsi	1 
eft	eft	1 
iîecles	iîelles	1 
fubîime	futîime	1 
efsayez	essayez	1 
diftingue	distingue	1 
nuifible	nuisible	1 
auffitôt	suffitôt	1 
te	te	1 
connoifsances	connaissances	1 
femblables	semblables	1 
oifeaux	oiseaux	1 
fses	ses	1 
fur	fur	1 
pafsages	passages	1 
pourfuivre	poursuivre	1 
faufse	fausse	1 
puifse	puisse	1 
lorfqu’elle	lorsqu’elle	1 
préfente	préfente	1 
eft	eft	1 
jufte	juste	1 
afsez	assez	1 
fagacité	fagacité	1 
kij	kin	1 
connoître	connoître	1 
fuivre	suivre	2 
jufte	juste	1 
réfolu	résolu	1 
fuivre	suivre	2 
auffitôt	suffitôt	1 
réfolutions	résolutions	1 
ces	ces	1 
légersaveuglespréfomptueux	légersaveuglesprésomptueux	1 
difciple	disciple	1 
cherchoit	cherchait	1 
chofes	choses	1 
poflîble	polîble	1 
jufte	juste	1 
lorfqu’il	lorsqu’il	1 
fur	fur	1 
attachoit	attachait	1 
ainfi	ainsi	1 
fes	fes	1 
l’oujblier	l’oublier	1 
iij	ii	1 
n’eft	n’est	1 
méprifent	méprisent	1 
richefses	richesses	1 
refufent	refusent	1 
eft	eft	1 
diftinguer	distinguer	1 
ufte	fute	1 
fuivre	suivre	1 
conitamment	constamment	1 
tfu-lu	tu-lu	1 
eftimoit	estimait	1 
perfuadé	persuadé	1 
c’étoit	c’étoit	1 
l’ame	l’ame	2 
rendoit	rendit	1 
feftateurs	sentateurs	1 
jufte	juste	1 
demandoit	demandait	1 
c’onfucius	c’confucius	1 
c’étoit	c’étoit	1 
l’ame	l’ame	2 
favoir	avoir	1 
c’eft	c’est	1 
delafàgefse	delayàgefse	1 
l’efsence	l’essence	1 
abfolument	absolument	1 
confifter	confirmer	1 
inftruire	instruire	1 
fupporter	supporter	1 
outrages	outrages	1 
injuftes	injustes	1 
iij	ii	1 
longanimité	lunanimité	1 
raifon	raison	1 
paroît	paroît	1 
étoit	étoit	1 
eft	eft	1 
efpece	efpece	1 
foible	faible	1 
afpirer	aspirer	1 
fagefse	fameuse	1 
confifter	confirmer	1 
auffi	suffi	1 
asn’éableo	asn’éable	1 
fur	fur	2 
cuirafse	cuirasse	1 
fur	fur	2 
triftefse	tristesse	1 
ces	ces	1 
robuftes	robustes	1 
eftiment	estiment	1 
naifsent	naissent	1 
fang	fang	1 
raifon	raison	1 
étoit	étoit	1 
caufe	cause	1 
difciples	disciples	1 
fagefse	fameuse	1 
ainfi	ainsi	1 
conflfter	consulter	1 
fe	fe	1 
fociété	société	1 
fes	fes	1 
julte	juste	1 
conftamment	constamment	1 
lorfqu’on	lorsqu’on	1 
eft	eft	1 
feul	seul	1 
conferver	conserver	1 
confufîon	confusîon	1 
caraâeresqui	caraâpresque	1 
confrituent	constituent	1 
fagefse	fameuse	1 
perfonnes	personnes	1 
jufte	juste	1 
confifter	confirmer	1 
l’efprit	l’esprit	1 
chofes	choses	1 
faite	faite	1 
aflions	allions	1 
faufse	fausse	1 
impofe	impose	1 
pafse	passe	1 
poftérité	postérité	1 
favoir	avoir	2 
jufte	juste	1 
prefcrit	prescrit	1 
favoir	avoir	2 
jufte	juste	1 
fuivi	suivi	1 
courfe	course	1 
ainfi	ainsi	1 
eft	eft	1 
conftamment	constamment	1 
justs	juste	1 
fîecle	fîelle	1 
n’eft	n’est	1 
perfonne	personne	1 
fcience	science	1 
confommée	consommée	1 
afpirer	aspirer	1 
fcience	science	1 
jufte	juste	1 
immenfe	immense	1 
efl	el	1 
ufage	usage	1 
perfonne	personne	1 
fecrets	secrets	1 
ainfî	infî	1 
puifsent	puissent	1 
feule	seule	1 
connoître	connoître	2 
dodrine	dodrine	1 
jufte	juste	1 
connoître	connoître	2 
embrafsertoutl’enfemble	embrafsertoutl’ensemble	1 
eft	eft	1 
jufte	juste	1 
connoifsance	connaissance	1 
parefseux	paresseux	1 
actome	atome	1 
feule	seule	1 
fuivre	suivre	2 
obfcrver	observer	1 
prefcrit	prescrit	2 
fublime	sublime	1 
prefcrit	prescrit	2 
fuivre	suivre	2 
jufte	juste	1 
afsez	assez	1 
vafte	vaste	1 
grandcur	grandeur	1 
fubtilité	subtilité	1 
divifer	diviser	1 
efl	el	1 
telligences	intelligence	1 
raifonnables	raisonnables	1 
connoître	connoître	1 
fuivre	suivre	1 
preferit	prescrit	1 
fon	fon	1 
jufqu’à	jusqu’à	1 
jufte	juste	2 
defcend	descend	1 
fimple	simple	1 
bafses	bases	1 
fe	fe	1 
fur	fur	1 
jufqu’au	jusqu’au	1 
fes	fes	1 
fon	fon	1 
jufte	juste	2 
eft	eft	1 
connoifsance	connaissance	1 
fublime	sublime	1 
n’eft	n’est	1 
puifqu’elle	puisqu’elle	1 
connoître	connoître	1 
ilf	il	1 
fuivre	suivre	1 
jufte	juste	1 
vife	vie	1 
lorfque	lorsque	1 
befoin	besoin	1 
fa	fa	1 
eft	eft	1 
iij	ii	1 
fes	fes	1 
fur	fur	2 
enfuite	ensuite	1 
fur	fur	2 
façonne	façonne	1 
ainfi	ainsi	1 
eft	eft	1 
eft	eft	1 
fon	fon	1 
caraétere	caraétre	1 
befoin	besoin	1 
jetter	jetter	1 
fur	fur	1 
eft	eft	2 
eft	eft	2 
diftinctement	diftinctement	1 
befoin	besoin	1 
connoît	connoît	1 
befoins	besoins	1 
qu’ilareçusde	qu’clareçusd	1 
n’eft	n’est	1 
jufte	juste	1 
s’afsurer	s’assurer	1 
preferit	prescrit	1 
befoins	besoins	1 
feule	seule	1 
phrafe	phrase	1 
c’eft	c’est	1 
fur	fur	1 
fe	fe	1 
uger	ger	1 
fociété	société	1 
l’accomplifsement	l’accomplissement	1 
expreffion	expression	1 
difeours	discours	1 
s’afsurer	s’assurer	1 
fa	fa	1 
difcrétion	discrétion	1 
difcernement	discernement	1 
lorfqu’il	lorsqu’il	3 
lorfqu’il	lorsqu’il	3 
lorfqu’il	lorsqu’il	3 
fur	fur	1 
chofes	choses	1 
parexcès	partieès	1 
fe	fe	1 
préfente	préfente	1 
efprit	esprit	1 
eft	eft	1 
agifse	agisse	1 
circonfpeétion	circonfétion	1 
difcours	discours	2 
fur	fur	1 
foient	soient	1 
difcours	discours	2 
faufseté	fausseté	1 
contradiclion	contradiction	1 
difcordance	difcordance	1 
fes	fes	2 
aérions	aérions	1 
fes	fes	2 
n’eft-il	n’est-il	1 
fage	fage	1 
propofer	proposer	1 
afpirent	aspirent	1 
fagefse	fameuse	1 
n’eft	n’est	1 
fon	fon	1 
n’afpire	n’aspire	1 
richefses	richesses	1 
n’omettra	n’mettra	1 
obfcur	obscur	1 
fafse	fasse	1 
foit	fait	1 
femblable	semblable	1 
pofsédant	possédant	1 
eft	eft	1 
fupérieurs	supérieurs	1 
fes	fes	2 
fes	fes	2 
fe	fe	1 
poui	pour	1 
tranfports	transports	1 
fes	fes	1 
fe	fe	1 
refufent	refusent	1 
defire	desire	1 
ainfî	infî	1 
partome	partie	1 
fe	fe	1 
l’infensé	l’insensé	1 
s’embarrafse	s’embarrasse	1 
s’expofe	s’expose	1 
pareequ’il	parcequ’il	1 
au-defsus	au-dessus	1 
eft	eft	1 
fur	fur	1 
l’infensé	l’insensé	1 
milieudes	milieudes	1 
jettez	jette	1 
feul	seul	1 
fes	fes	2 
fes	fes	2 
fublime	sublime	1 
femblable	semblable	1 
fommet	sommet	1 
ode	ode	1 
lorfque	lorsque	1 
fagefse	fameuse	1 
d’inferuments	d’instruments	1 
fymphonie	symphonie	1 
mij	mis	1 
ijlî	ilî	1 
n’avoient	n’avoient	1 
coeui’et	coeur’et	1 
efprit	esprit	1 
maifon	maison	1 
(pedracle	(pendance	1 
fatisfaâion	faisantâion	1 
confidérant	considérant	1 
fes	fes	2 
fes	fes	2 
eft	eft	1 
n’eft	n’est	1 
douceet	doucet	1 
fatisfaâion	faisantâion	1 
fon	fon	1 
époufe	épouse	1 
infpire	inspire	1 
fes	fes	1 
eft	eft	1 
c’eft-à-dirc	c’est-à-dire	1 
l’accomplifsement	l’accomplissement	1 
fimples	simples	1 
jufqu’à	jusqu’à	1 
fublime	sublime	1 
puifsance	puissance	1 
l’efprit	l’esprit	1 
eft	eft	1 
fes	fes	1 
l’appercevoir	l’apercevoir	1 
cous	cous	1 
lorfque	lorsque	1 
iij	ii	1 
facrifices	sacrifices	1 
purifient	profitent	1 
fuppofant	supposant	1 
eft	eft	1 
fur	fur	1 
ode	ode	1 
foit	fait	1 
eft	eft	1 
raifon	raison	1 
d’efpérer	d’espérer	1 
foit	fait	1 
par-ià	par-ià	1 
l’efprit	l’esprit	1 
invifîble	invitîble	1 
infenfible	insensible	1 
manifefter	manifester	1 
faifant	faisant	1 
ainfi	ainsi	1 
puifsance	puissance	1 
invifible	invisible	1 
eft	eft	1 
exifteet	existent	1 
manifefte	manifeste	1 
puiffance	puissance	1 
ainfi	ainsi	1 
jufte	juste	1 
fubtile	subtile	1 
fenfible	sensible	1 
lumineufe	lumineuse	1 
foit	fait	1 
lorfque	lorsque	1 
penfe	pense	1 
illuftre	illustre	1 
perfonne	personne	1 
jdste	juste	1 
lorfque	lorsque	1 
c’eft	c’est	1 
ainfi	ainsi	1 
pofsédantles	possédantes	1 
tréfors	tréfors	1 
afsura	assura	1 
rendoit	rendit	1 
falles	filles	1 
confacra	consacra	1 
ufage	usage	1 
defcendants	descendants	1 
ainfï	infï	1 
eft	eft	1 
chirn	chien	1 
fes	fes	1 
richefses	richesses	1 
fa	fa	2 
fîngulier	fîgulier	1 
fa	fa	2 
c’efrainfî	c’terrainî	1 
récompenfe	récompense	1 
loix	loix	1 
diverfité	diversité	1 
fujets	sujets	1 
foible	faible	1 
mauvaifes	mauvaises	1 
eft	eft	1 
ode	ode	1 
tranfport	transport	1 
lorfqu’il	lorsqu’il	2 
n’étoit	n’étoit	1 
fublime	sublime	1 
magiftrats	magistrats	1 
fuccès	succès	1 
lecc	lacc	1 
ainlî	ainî	1 
l’élevât	l’éleât	1 
lorfqu’il	lorsqu’il	2 
fecours	recours	1 
jufqu’à	jusqu’à	1 
doué	doué	1 
fublime	sublime	1 
eft	eft	1 
feul	seul	1 
pareequ’il	parcequ’il	1 
l’illuftre	l’illustre	1 
vuvam	veuve	1 
détruifant	détruisant	1 
cheu	chez	1 
fuccès	succès	1 
vafsal	vassal	1 
jouifsoit	jouissait	1 
n’eut	n’eut	1 
cheu	chez	1 
l’avoient	l’avoient	1 
fuivi	suivi	1 
fon	fon	1 
puiffe	puisse	1 
pofséda	posséda	1 
richefs’es	riches’es	1 
i4j	i4j	1 
afsura	assura	1 
jouifsance	jouissance	1 
confacrés	consacrés	1 
pofséda	posséda	1 
fur	fur	1 
fon	fon	1 
n’avoit	n’avoit	1 
fatisfaire	satisfaire	1 
defir	defir	1 
avoient	avoient	1 
retome	retomb	1 
ufqu’au	ufqu’au	1 
ainfi	ainsi	1 
fes	fes	1 
eft	eft	1 
miniftre	ministre	3 
fon	fon	1 
foit	fait	1 
obfeques	fresques	2 
miniftre	ministre	3 
n’étoit	n’étoit	1 
fût	fût	1 
miniftre	ministre	3 
feroit	feront	1 
obfeques	fresques	2 
miniftre	ministre	1 
régla	régla	1 
miniftres	ministres	1 
difpensés	dispensés	1 
aftreints	aftreints	1 
jparcequ’on	parcequ’on	1 
preferits	prescrits	1 
jufqu’aux	jusqu’aux	1 
n’ontils	n’outils	1 
fuivi	suivi	1 
fe	fe	1 
facré	faceé	1 
fuivre	suivre	1 
defseins	desseins	1 
avoient	avoient	1 
fuivirent	suivirent	1 
prépareras	préparera	1 
confacrée	consacrée	1 
expofoit	exploit	1 
vafes	vases	1 
apportoit	apportait	1 
veftes	ventes	1 
revêtoit	revêtoit	1 
domeftique	domestique	1 
préfentoit	présentait	1 
faifons	faisons	1 
lorfqu’on	lorsqu’on	1 
rendoit	rendit	1 
ainfi	ainsi	1 
miniflres	ministres	1 
rendoient	rendaient	1 
fufsent	fussent	1 
fuivoit	suivit	1 
difpoiîtion	modifiîtion	1 
fupérieur	supérieur	1 
l’inférieur	l’inférieur	1 
diftinguoit	distinguait	1 
favants	savants	1 
l’étoient	l’étoient	2 
l’étoient	l’étoient	2 
ferraient	feraient	1 
modeftie	modestie	1 
obfervoit	observait	1 
prenoient	prenaient	1 
enfemble	ensemble	1 
fe	fe	1 
âsjes	âses	1 
fubordination	subordination	1 
fuivirent	suivirent	1 
fcrupuleufement	scrupuleusement	1 
mufique	musique	1 
avoient	avoient	1 
le1uste	le1juste	1 
avoient	avoient	1 
eufsent	eussent	1 
eft	eft	1 
n’étoient	n’étoient	1 
obferve	observe	1 
fouverain	souverain	1 
fe	fe	1 
falles	filles	1 
j’efprit	j’esprit	1 
auffi	suffi	1 
exiftent	existent	1 
lefquelles	lesquelles	1 
auffitôt	suffitôt	1 
miniftres	ministres	2 
femblables	semblables	1 
miniftres	ministres	2 
tes	tes	1 
lorfqu’il	lorsqu’il	1 
eft	eft	1 
conftitué	constitué	1 
s’emprefse	s’empresse	1 
d’infpirer	d’inspirer	1 
defir	defir	1 
réurtîr	réurîr	1 
rofeau	roseau	1 
ainfi	ainsi	1 
puifse	puisse	1 
venvam	venant	1 
choififse	choisisse	1 
miniftres	ministres	2 
choifir	choisir	1 
miniftres	ministres	2 
laregle	large	1 
naifsent	naissent	1 
efsentiels	essentiels	1 
fociété	société	1 
l’accomplifsement	l’accomplissement	1 
infpire	inspire	1 
c’eft	c’est	2 
fes	fes	1 
femblables	semblables	1 
conftitue	constitue	1 
c’eft	c’est	2 
fentiment	sentiment	1 
eft	eft	1 
embrafse	embrasse	1 
n’eftpas	n’etats	1 
inftind	infini	1 
indiftinétement	finitionétement	1 
jlî	lî	1 
delà	delà	1 
fes	fes	2 
percs	perc	1 
eft	eft	2 
ainfi	ainsi	1 
refpect	respect	1 
diverfité	diversité	1 
refpecl	respect	1 
eft	eft	2 
fur	fur	2 
raifon	raison	1 
fur	fur	2 
fes	fes	2 
femblables	semblables	1 
ainfi	ainsi	1 
fes	fes	1 
fes	fes	1 
foit	fait	1 
diftinguer	distinguer	1 
l’accomplifsement	l’accomplissement	1 
fujetde	sujette	1 
efsentielles	essentielles	1 
fur	fur	1 
furface	surface	1 
nécefsaires	nécessaires	1 
naifsent	naissent	2 
univerfel	universel	1 
naifsent	naissent	2 
connoifsance	connaissance	1 
foient	soient	1 
foit	fait	2 
connoifsance	connaissance	2 
foit	fait	2 
connoifsance	connaissance	2 
perfonnes	personnes	1 
femblent	semblent	1 
connoifsances	connaissances	1 
befoin	besoin	1 
connoifsance5	connaissance5	1 
foienc	rience	1 
oij	ois	1 
eit	eit	1 
femblent	semblent	2 
raifon	raison	1 
néceflîté	néreflîté	1 
femblent	semblent	2 
eue	eue	1 
defire	desire	1 
ifil	fil	1 
univerfel	universel	1 
sair	soir	1 
connoît	connoît	1 
univerfel	universel	1 
fcience	science	1 
fes	fes	1 
eft	eft	3 
favoir	avoir	1 
eft	eft	3 
feul	seul	1 
eft	eft	3 
iij-	ii-	1 
iuste	juste	1 
fe	fe	1 
fuivantes	suivantes	1 
connoifsance	connaissance	1 
eft	eft	1 
nécefsaire	nécessaire	1 
fouverains	souverains	1 
fes	fes	1 
fa	fa	1 
fages	fages	1 
fes	fes	1 
miniftres	ministres	1 
miniftres	ministres	1 
fes	fes	1 
artifans	artisans	1 
l’honnêteté	l’honnêteté	1 
ambafsadeurs	ambassadeurs	1 
lorfqu’un	lorsqu’un	1 
fes	fes	3 
fuivre	suivre	1 
lorfqu’il	lorsqu’il	3 
eftime	estime	1 
l’adminiftration	l’administration	1 
lorfqu’il	lorsqu’il	3 
fes	fes	3 
fes	fes	3 
confpirent	confirmant	1 
lorfqu’il	lorsqu’il	3 
çraite	çfaite	1 
miniftres	ministres	1 
circonftances	circonstances	1 
zèle	zèle	1 
fecours	recours	1 
fes	fes	1 
lorfqu’il	lorsqu’il	1 
proportionner	proportionnel	1 
ett	ett	1 
ainfî	infî	1 
tousfont	touffant	1 
zèle	zèle	1 
affabilité	affaiblité	1 
lorfqu’il	lorsqu’il	1 
fes	fes	1 
tranfportés	transportés	1 
lorfqu’il	lorsqu’il	1 
fon	fon	1 
tes	tes	1 
chofes	choses	1 
nécefsaires	nécessaires	1 
lorfqu’il	lorsqu’il	1 
générofîté	généroîté	1 
fa	fa	2 
fe	fe	1 
fervice	service	1 
fa	fa	2 
lorfqu’il	lorsqu’il	1 
pria"	pria"	1 
ainfi	ainsi	1 
eft	eft	1 
fes	fes	1 
fe	fe	2 
modeftes	modestes	1 
fe	fe	2 
fages	fages	1 
fe	fe	1 
inacceffible	inaccessible	1 
fe	fe	1 
préfente	préfente	1 
méprifer	mépriser	1 
richefses	richesses	1 
eftime	estime	1 
unifse	unifie	1 
fes	fes	1 
haïr	haïr	1 
haïfsent	haïsent	1 
miniftres	ministres	2 
exaéts	exéts	1 
miniftres	ministres	2 
fubalternes	subalternes	1 
puifsent	puissent	1 
miliio	milito	1 
fubalternes	subalternes	1 
franchife	franchise	1 
confidérables	considérables	1 
n’impofer	n’imposer	1 
lefquels	lesquels	1 
diligents	diligent	2 
récompenfe	récompense	1 
rizet	rivet	1 
diligents	diligent	2 
fe	fe	1 
l’eftime	l’estime	1 
chofes	choses	1 
iorfqu’ils	lorsqu’ils	1 
plionneur	pionnier	1 
moj’en	moj’en	1 
puifsent	puissent	1 
traverfer	traverser	1 
foit	fait	2 
foit	fait	2 
fortic	fortin	1 
vrrtu	vertu	1 
diftinguée	distinguée	1 
conferver	conserver	1 
protégcr	protéger	1 
enfuite	ensuite	1 
prefcrits	prescrits	1 
miniftre	ministre	2 
miniftre	ministre	2 
peitonnes	personnes	1 
lorfqu’ils	lorsqu’ils	1 
préfents	présents	1 
générofité	générosité	1 
1-jl	1-l	1 
fouverains	souverains	1 
feul	seul	1 
obferver	observer	1 
c’eftde	c’eftde	1 
réfolution	révolution	1 
fuivre	suivre	1 
afsuré	assuré	1 
efl	el	2 
efl	el	2 
fes	fes	4 
fes	fes	4 
fes	fes	4 
jufte	juste	1 
fes	fes	4 
i7j	i7j	1 
faufseté	fausseté	1 
diffimulation	dissimulation	1 
aftuce	astuce	1 
néceffité	nécessité	1 
confulter	consulter	1 
fuivre	suivre	1 
l’obfervation	l’observation	1 
bafe	base	1 
réuffit	résuffit	1 
n’eft	n’est	1 
foutenu	soutenu	1 
confulté	consulté	1 
iij	ii	1 
fon	fon	1 
suide	suite	1 
fciences	sciences	1 
fes	fes	1 
fagacité	fagacité	1 
connoître	connoître	1 
précéder	précéder	1 
fuivre	suivre	2 
fa	fa	1 
fes	fes	1 
fuivre	suivre	2 
raifon	raison	1 
miniftre	ministre	1 
fes	fes	1 
fupérieurs	supérieurs	1 
sûrpour	sûpour	1 
c’eft	c’est	2 
c’eft	c’est	2 
plir	pair	1 
c’eft	c’est	2 
fes	fes	2 
fa	fa	2 
fur	fur	2 
fes	fes	2 
fa	fa	2 
fur	fur	2 
c’eft	c’est	2 
connoissance	connaissance	1 
ainfi	ainsi	1 
fe	fe	1 
eft	eft	2 
raifon	raison	1 
diftmçue	ditçue	1 
d’efprit	d’esprit	1 
eft	eft	2 
conftamment	constamment	1 
l’impul-	l’impl-	1 
fion	fin	1 
jufte	juste	1 
raifon	raison	1 
c’eft	c’est	1 
s’eft	s’est	1 
afpire	aspire	1 
difeerne	difeerne	1 
eft	eft	1 
jufte	juste	1 
c’eft	c’est	1 
afpire	aspire	1 
chofes	choses	2 
fur	fur	1 
chofes	choses	2 
l’obfcurité	l’obscurité	1 
confulte	consulte	1 
guettions	questions	1 
réponfes	réponses	1 
jufqu’à	jusqu’à	1 
comprifes	comprises	1 
perfonnes	personnes	1 
favoir	avoir	1 
fe	fe	1 
préfente	préfente	1 
raifon	raison	1 
jufqu’à	jusqu’à	1 
folutioiï	volutionï	1 
lorfquel’on	lorsque’on	1 
fes	fes	1 
pafser	passer	1 
queftioh	question	1 
épuifé	épuisé	1 
s’adrefse	s’adresse	1 
difeutent	disputent	1 
lorfque	lorsque	1 
difeuté	dieué	1 
fuffifamment	suffisamment	1 
distin-	destin-	1 
cefser	cesser	1 
lorfque	lorsque	1 
connoîtra	connoîtra	1 
divifîons	divisîons	1 
s’adrefse	s’adresse	1 
lorfque	lorsque	1 
fe	fe	1 
afsurés	assurés	1 
pafsent	passent	1 
fpéculation	fpéculation	1 
cefser	cesser	1 
d’agirqu’après	d’agir’après	1 
s’adrefse	s’adresse	1 
feul	seul	1 
réfolution	révolution	1 
efl	el	1 
foiblefse	faiblesse	1 
foit	fait	1 
lorfqu’il	lorsqu’il	1 
perfedion	perfection	2 
connoifsance	connaissance	3 
connoifsance	connaissance	3 
connoifsance	connaissance	3 
chofes	choses	1 
perfedion	perfection	2 
acquife	acquise	1 
fecours	recours	1 
mitome	matome	1 
ioste	poste	1 
nieredc	nierie	1 
acquife	acquise	2 
eft	eft	2 
acquife	acquise	2 
eft	eft	2 
fcience	science	1 
eft	eft	2 
feul	seul	1 
fa	fa	1 
raifonnable	raisonnable	1 
eft	eft	2 
fes	fes	2 
fes	fes	2 
aclions	actions	1 
fes	fes	1 
inftructions	instructions	1 
foutenues	soutenues	1 
comioître	comitître	1 
raifonnable	raisonnable	1 
fenfîbles	fenîbles	1 
puifse	puisse	1 
fyftême	fftême	1 
fon	fon	2 
zèle	zèle	1 
fon	fon	2 
conq	cinq	1 
deftination	destination	1 
fagc	fac	1 
connoît	connoît	1 
fon	fon	1 
afpire	aspire	1 
fuivre	suivre	1 
cceur	coeur	1 
fcrupuleusement	scrupuleusement	1 
fuivant	suivant	1 
l’équité	l’équité	1 
imprimeront	imprimeront	1 
fur	fur	1 
fes	fes	2 
fes	fes	2 
efprits	esprits	1 
fécondera	féconder	1 
qiij	qui	1 
c’eft	c’est	1 
efprit	esprit	1 
ainfi	ainsi	1 
prefcience	prefcience	1 
eft	eft	1 
chofcs	chocs	1 
préfagent	préagent	1 
puifsance	puissance	1 
lorfqu’un	lorsqu’un	1 
efsuyer	essuyer	1 
défaftre	déautres	1 
fon	fon	1 
efl	el	1 
finiftres	ministres	1 
adminiftrateurs	administrateurs	1 
femblent	semblent	1 
l’égaler	l’égaler	1 
l’afsocier	l’associer	1 
efprits	esprits	1 
c’efl	c’el	1 
c’eft	c’est	1 
eft	eft	1 
eft	eft	2 
chofes	choses	2 
chofe	chose	1 
cefse	cesse	1 
n’efb	n’emb	1 
l’obéifsancc	l’obéissance	1 
eft	eft	2 
chofes	choses	2 
auflî	aflî	1 
laifse	laisse	1 
l8jl	l8l	1 
mauvaife	mauvaise	1 
affeétion	affétion	1 
c’eft	c’est	1 
doitiue	droite	1 
abfolue	absolue	1 
confram-	contrat-	1 
c’eft	c’est	1 
eft	eft	1 
ainfi	ainsi	1 
manifefte	manifeste	1 
c’eft	c’est	1 
eft	eft	2 
entreprife	entreprise	1 
eft	eft	2 
fplendeur	splendeur	2 
fplendeur	splendeur	2 
conduifent	conduisent	1 
perfedion	perfection	1 
fa	fa	1 
eft	eft	1 
femblable	semblable	1 
fon	fon	1 
fa	fa	3 
fa	fa	3 
fa	fa	3 
fplendeur	splendeur	1 
eft	eft	1 
l’eifet	l’effet	1 
n’eft	n’est	1 
fplendeur	splendeur	1 
c’eft	c’est	1 
tl	tl	1 
atttaits	attraits	1 
n’eft	n’est	1 
ufage	usage	1 
fes	fes	1 
conftance	confiance	1 
chofes	choses	1 
fuivant	suivant	1 
loix	loix	1 
fuivent	suivent	1 
feul	seul	1 
l’efprk	l’enfer	1 
conftante	constante	1 
paï	paï	1 
connoître	connoître	1 
incompréhenfible	incompréhensible	1 
foleil	soleil	1 
fufpendues	suspendues	1 
fon	fon	1 
immenfe	immense	1 
fur	fur	1 
foit	fait	1 
c’eft	c’est	2 
connoître	connoître	1 
vafte	vaste	1 
c’eft	c’est	2 
fur	fur	1 
qu’eft	qu’est	1 
hoa	hoa	1 
eft	eft	1 
affaifsé	affairsé	1 
franchifse	franchise	1 
fes	fes	1 
foutient	soutient	1 
failiant	faillant	1 
foit	fait	1 
fe	fe	1 
auffi	suffi	1 
qu’eft-ee	qu’est-le	1 
comparai	compara	1 
fur	fur	1 
furface	surface	1 
prodigieufe	prodigieuse	1 
ptoduifent	produisent	1 
nourrifsent	nourrissent	1 
oifeaux	oiseaux	1 
richefses	richesses	1 
lorfque	lorsque	1 
écuelle	écelle	1 
fi	fi	1 
pafsez	passez	1 
connoifsance	connaissance	1 
vafte	vaste	1 
poifrij	poirier	1 
tréfors	tréfors	1 
richefses	richesses	1 
marchandifesi	marchandises	1 
tranfports	transports	1 
fon	fon	2 
s’écrie	s’écrie	1 
fon	fon	2 
n’eft	n’est	1 
fufpendue	suspendue	1 
c’eft	c’est	1 
cf	cf	1 
fauf«	faut«	1 
c’eft-à-dire	c’est-à-dire	1 
ven	ven	1 
vam	vam	1 
parcequ’imiranc	parcequ’miracle	1 
confidérez	considérez	1 
vafte	vaste	1 
fur	fur	2 
fes	fes	1 
fur	fur	2 
accroifsements	accroissement	1 
jufqu’au	jusqu’au	1 
iij	ii	1 
femblc	semble	1 
tes	tes	1 
fes	fes	1 
dads	dans	1 
fa	fa	2 
fa	fa	2 
fur	fur	1 
exifte	existe	1 
fcience	science	1 
c’eft	c’est	1 
fouveraine	souveraine	1 
lorfque	lorsque	1 
exiftera	existera	1 
raifon	raison	2 
fcience	science	2 
raifon	raison	2 
vafte	vaste	1 
fon	fon	1 
efpeces	efpeces	1 
fentiments	sentiments	1 
fcience	science	2 
connoifsance	connaissance	1 
chofes	choses	1 
connoifsance	connaissance	2 
vicieufes	vicieufes	1 
fon	fon	1 
efprit	esprit	1 
ia	ia	1 
jufte	juste	2 
jufte	juste	2 
connoît	connoît	1 
connoifsance	connaissance	2 
nécefsaire	nécessaire	1 
acles	actes	1 
juftice	justice	1 
n’avoit	n’avoit	1 
raifon	raison	1 
eft	eft	1 
inacceflible	inaccessible	1 
quife	quipe	1 
complaît	complaît	1 
fon	fon	1 
fortir	sortir	1 
l’obfcurité	l’obscurité	1 
difeours	discours	1 
çrnités	çunités	1 
filence	silence	1 
fufesant	refusant	1 
miniftre	ministre	1 
étoit	étoit	1 
gacité	galité	1 
lorfqu’il	lorsqu’il	2 
falloit	fallait	2 
lorfqu’il	lorsqu’il	2 
falloit	fallait	2 
conferver	conserver	1 
fauf	faut	1 
infenfés	infectés	1 
cefse	cesse	1 
fatisfaire	satisfaire	1 
confulrant	consultant	1 
raifon	raison	1 
difeernement	discernement	1 
ofe	of	1 
feul	seul	1 
preferire	prescrire	1 
loix	loix	1 
maifons	maisons	1 
auflîbien	aflîbien	1 
loix	loix	1 
jufqu’ici	jusqu’ici	1 
ofé	ofé	1 
fages	fages	1 
eft	eft	1 
iuste	juste	1 
chanaer	changer	1 
mufîque	musîque	1 
n’eft	n’est	1 
loix	loix	1 
dynaftie	dynastie	2 
reane	reine	1 
connoifsons	connaissons	1 
fes	fes	1 
miniftres	ministres	1 
ainfî	infî	1 
lesloix	lemploi	1 
dynaftie	dynastie	2 
conféquent	conféquent	1 
fuivre	suivre	1 
loix	loix	1 
dynaftie	dynastie	1 
dynaftie	dynastie	1 
conferve	conserve	1 
minifiere	signifier	1 
fuivre	suivre	1 
obferver	observer	1 
loix	loix	1 
dynaftie	dynastie	1 
chcu	chou	1 
fur	fur	1 
tranfmifes	transmises	1 
enfeignées	enseignées	1 
obfervées	observées	1 
zoj	zoo	1 
favoir	avoir	1 
ainfi	ainsi	1 
féverc	févers	1 
loix	loix	1 
conftruction	construction	1 
chofes	choses	1 
nécefsaires	nécessaires	1 
l’établifsement	l’établissement	1 
disi]	dis]	1 
gnité	unité	1 
l’éloiguement	l’éloignement	1 
fuivre	suivre	1 
propofoic	propofol	1 
fes	fes	1 
refuferoient	refuferoient	1 
foumettre	soumettre	1 
propoferoit	proposeront	1 
ainfi	ainsi	1 
loix	loix	1 
fuivre	suivre	1 
fuivej	suivre	1 
enfuite	ensuite	1 
adminiftration	administration	1 
empereuts	empereurs	1 
cheu	chez	1 
fuivant	suivant	2 
s’égarera	s’éparera	1 
confulte	consulte	1 
raifon	raison	1 
fuivant	suivant	2 
fes	fes	1 
décifions	décisions	1 
foit	fait	1 
répréhenfiblc	répréhensible	1 
l’efprit	l’esprit	1 
foutenu	soutenu	1 
fe	fe	1 
conduife	conduite	1 
iij	ii	1 
puifse	puisse	1 
efpérer	efpérer	1 
fcience	science	1 
n’eft	n’est	1 
l’efprit	l’esprit	1 
conno’it	conno’it	1 
connoît	connoît	1 
lorfqu’il	lorsqu’il	1 
efpérer	efpérer	1 
fcience	science	1 
fe	fe	1 
refpeâent	refpeâent	1 
fon	fon	1 
deftinées	destinées	1 
dynaftie	dynastie	1 
hia	hia	1 
lorfqu’ils	lorsqu’ils	1 
royaucc	royaume	1 
d’averfîon	d’aversîon	1 
ven-vam	ven-vam	1 
lorf-	lors-	1 
concc	concr	1 
jufqu’au	jusqu’au	1 
fuivi	suivi	1 
fiecle	siecle	1 
d’ya	d’ya	1 
cliun	clin	1 
cefsoit	cessit	1 
l’adminiftration	l’administration	1 
llj	lle	1 
voifin	voisin	1 
vuvam	veuve	1 
fcrupuleufement	scrupuleusement	1 
loix	loix	1 
avoient	avoient	1 
agifsant	agissant	1 
efpaces	espaces	1 
fur	fur	1 
s’étendoit	s’étendait	1 
faifons	faisons	1 
fe	fe	1 
interrup-	interpr-	1 
foleil	soleil	1 
cclairent	clairent	1 
cefse	cesse	2 
fcience	science	1 
cefse	cesse	2 
faifons	faisons	1 
foleil	soleil	1 
eft	eft	1 
n’efb	n’emb	1 
oppofée	opposée	1 
l’enfèmble	l’enèable	1 
univerfelle	universelle	1 
confu-	connu-	1 
avoït	aoït	1 
déterminoit	déterminait	1 
devoit	devait	1 
circonftances	circonstances	1 
fa	fa	1 
univerfelle	universelle	1 
rapportoit	rapportait	1 
fes	fes	1 
feul	seul	3 
fcience	science	1 
nécefsaires	nécessaires	1 
feul	seul	3 
généreufe	généreuse	1 
feul	seul	3 
juftice	justice	1 
courageufe	courageuse	1 
loix	loix	1 
ultleu	auteur	1 
feul	seul	2 
fon	fon	1 
modefte	modeste	1 
fe	fe	1 
refpect	respect	1 
feul	seul	2 
confommée	consommée	1 
diftingue	distingue	1 
circonftances	circonstances	1 
deshonnête	essonneête	1 
vafte	vaste	1 
immeufe	immense	1 
circonftances	circonstances	1 
foit	fait	1 
d’ufage	d’usage	1 
immenfité	immensité	1 
montret-elle	montrer-elle	1 
tranfport	transport	1 
c’eft	c’est	1 
ainfi	ainsi	1 
fa	fa	1 
fe	fe	2 
fe	fe	2 
pénétrez	pénétre	1 
examinez	examiner	1 
foleil	soleil	1 
rofée	rosée	1 
troutome	tronome	1 
c’efl	c’el	1 
uftifie	utilise	1 
comparaifon	comparaison	1 
faite	faite	1 
univerfelle	universelle	1 
embrafse	embrasse	1 
fpherc	perc	1 
raifon	raison	1 
cil	cil	1 
feul	seul	1 
remplifsant	remplissant	1 
fouverain	souverain	1 
fujet	sujet	1 
fubordination	subordination	1 
domeftiques	domestiques	1 
feul	seul	1 
fuivre	suivre	1 
connoifsance	connaissance	1 
delà	delà	1 
fujviç	fujiç	1 
laproduction	production	1 
accroifsements	accroissement	1 
confervation	conservation	1 
fagefse	fameuse	1 
tij	tir	1 
fuivant	suivant	1 
raifon	raison	1 
c’eft	c’est	1 
intérefsantes	intéressantes	1 
c’efl	c’el	2 
rétablifsant	rétablissant	1 
s’eft	s’est	1 
affermi	affermi	1 
c’efl	c’el	2 
fagacité	fagacité	1 
efprit	esprit	1 
fagefse	fameuse	1 
loix	loix	1 
produâion	promuâion	1 
yafte	autre	1 
fagacité	fagacité	1 
fublime	sublime	1 
hoei	hoei	1 
portoit	portait	1 
cachoit	cachait	1 
fimple	simple	1 
iij	ii	1 
dédaiguoit	déambiguit	1 
vrages	trages	1 
c’eft	c’est	1 
ainfi	ainsi	1 
l’infensé	l’insensé	1 
fa	fa	1 
ainfi	ainsi	1 
infipide	insipide	1 
préfente	préfente	1 
confufion	confusion	1 
cecte	cette	1 
lorfque	lorsque	1 
eft	eft	2 
pafsant	passant	1 
eft	eft	2 
c’eft	c’est	1 
naît	naît	1 
chofes	choses	1 
fecretes	recettes	1 
manifeftent	manifestent	1 
foient	soient	1 
defquelles	desquelles	1 
poifson	poisson	1 
fe	fe	1 
c’eft	c’est	1 
foigneufement	soigneusement	1 
lorf-	lors-	1 
iuste	juste	1 
eft	eft	1 
puifse	puisse	2 
puifse	puisse	2 
apperçu	apperçu	1 
c’eft	c’est	1 
lorfque	lorsque	1 
fuffiez-vous	suffixe-vous	1 
obfcur	obscur	1 
foit	fait	1 
lorfqu’il	lorsqu’il	1 
fe	fe	1 
lorf-	lors-	1 
alloit	allait	1 
n’étoit	n’étoit	1 
faifl	fail	1 
refpcét	renceét	1 
ton	ton	1 
filence	silence	1 
l’imcc	l’imac	1 
l’accomcc	l’accroc	1 
pagnoient	plaignent	1 
n’entendoit	n’entendait	1 
pase	pas	1 
difcuflîon	disculpîon	1 
fur	fur	2 
fur	fur	2 
fondions	fonction	1 
c’eftainfï	c’certainï	1 
récompenfes	récompenses	1 
n’eft	n’est	1 
l’atcc	l’atcc	1 
c’eft	c’est	1 
modefrie	moderne	1 
xl8	xl8	1 
puifsantes	puissantes	1 
impofantes	imposantes	1 
ode	ode	1 
dynaftie	dynastie	1 
cheu	chez	1 
d’environner	d’mentionner	1 
perfonne	personne	1 
fafte	faite	1 
impocc	impos	1 
ame	ame	1 
connoifsances	connaissances	1 
cefsaires	cessaires	1 
fuivre	suivre	1 
fes	fes	1 
penfées	pensées	1 
affeélions	affélions	1 
efl	el	1 
perfonne	personne	1 
po’ete	po’ete	1 
repréfente	repréfente	1 
ainfi	ainsi	1 
j’aimeetje	j’alimente	1 
chérisvotre	chéregistre	1 
eft	eft	1 
fïmple	fïmile	1 
lifant	liant	1 
phrafes	phrases	1 
fonores	sonores	1 
nombreufes	nombreuses	1 
refsources	ressources	1 
fenfibles	sensibles	1 
eft	eft	1 
aufîi	aufîi	1 
fenfible	sensible	1 
c’eft	c’est	1 
ode	ode	1 
fon	fon	1 
eft	eft	1 
inacceffible	inaccessible	1 
fens	fens	1 
c’eft	c’est	1 
