Reminder	Premier	1 
Bachaumont,...	Chaumont,...	1 
Bachaumont,	Chaumont,	1 
displayed	display	1 
contain	contamin	1 
clandefiins	clandestins	1 
Eloges	Loges	3 
BACHAUMONT.	CHAUMONT.	1 
ZFR&M	FR&M	1 
Vn.	En.	1 
«jjfff	«jeff	1 
aditt.	fait.	1 
Pbilosopbie	Philosophie	1 
Réw	Réw	1 
connoit	connait	2 
Persannes	Personnes	1 
Ency.	Ench.	1 
persectionnant	persectionnant	1 
perftition.	partition.	1 
Econo.	Ecolo.	1 
d'opprejjion	d'oppression	1 
Consiitution	Constitution	1 
monumens,	monuments,	1 
diverres	diverses	1 
véritabie	véritable	1 
douU	douX	1 
complette	complete	1 
Bachaumont	Chaumont	2 
connoissances	connaissances	4 
présidoit	présidait	1 
auS",	auS",	1 
cbez	chez	2 
dresprit	desprit	1 
passbit	passait	1 
rédigeoit	rédigeait	1 
particuliere,	particulier,	1 
CoUeCtion	CoLlEction	1 
secretes}	secrets}	1 
mettoient	mettaient	1 
ydes	des	1 
envain	devant	1 
vifoit	voit	1 
Parloit	Parlait	1 
n'êtoit	n'êtoit	1 
pouvoit	pouvoir	7 
decrnfi*	dernier*	1 
structive	structure	1 
éft	éft	1 
Anes,	Anes,	1 
Eiremes	Termes	1 
d'Epître	d'Enître	1 
particuliéremenc.	particuliérement.	1 
Akib,	Akio,	1 
Voltai.	Volta.	1 
irréligion.	irrélegion.	1 
globés-	lobés-	1 
Malagrida.	Malaria.	1 
mordans	mordant	1 
refuter.	refuser.	1 
Etrangeres,	Etrangeres,	2 
Re/nond	Re/nord	1 
passeroit	passerait	3 
Intendans	Intendant	1 
arrangemens	arrangement	2 
auroit	aurait	24 
talens	talent	15 
possessîon	pousserîon	1 
embel.	embl.	1 
particulieres	particuliers	1 
n'insere	n'insee	1 
romf	rome	1 
tosTe	touTe	1 
ptésent	ptésent	1 
carosse,	crosse,	2 
paffé	affé	4 
cherchoit	cherchait	2 
devoient	devient	6 
devoit	devait	27 
envoyoit	envoyait	2 
vouloit	voulait	14 
ajou.	ajout.	2 
enfans,	enfans,	1 
auroit	aurait	24 
fiensr	liens	1 
convenoient	convenoient	1 
circonflances	circonstances	1 
Vile	Vile	1 
Casuçlles.	Casuçles.	1 
longtems.	longtemps.	4 
regrçoit	reprçoit	1 
L'insortuné	L'infortuné	1 
perfi.	xerfi.	1 
darrs	darr	1 
Zulime,	Limite,	4 
longtems	longtemps	35 
refufer	refuser	1 
infidele	infiltre	1 
avanture	aventure	1 
évaluoit	évaluait	1 
représentacion,	représentation,	1 
especc	especc	1 
longtems	longtemps	35 
Zulime	Limite	2 
passeroit	passerait	3 
pû,	pû,	1 
d'occu.	d'occup.	1 
hyver	hiver	1 
a&eurs	a&eurs	1 
apperçu	apperçu	1 
disparoître	disparaître	2 
devoit	devait	27 
C'elt	C'est	2 
foit,	fait,	1 
TEJprit\	ESPrit\	1 
Gusrcbin	Guesclin	1 
L'Observattur	L'Observateur	1 
comptoit-il	comptait-il	1 
tenoit	tenait	3 
n'affefte	n'affecte	1 
rous	rous	1 
polissons	poissons	1 
préfentés	présentés	1 
diamans.	diamant.	1 
myfiere	mineure	1 
Coste,	Coste,	2 
coepéré	coupéré	1 
associacion,	association,	1 
toui	tout	1 
assodéi	assadéi	1 
châtimens	châtiment	1 
Vautre	Autre	1 
l'Ecueil	l'Cueil	2 
repTésenter.	repRésenter.	1 
Ietter	Petter	1 
prieres,	prieres,	1 
affairas	affaires	1 
tems-là.	tems-là.	2 
ebserva	ebserva	1 
l'avoient	l'avoient	1 
falloit	fallait	10 
applaudissemens	applaudissements	8 
n'entendoient	n'entendaient	1 
réclamoit,	réclamait,	1 
c'étoit	c'étoit	14 
obte.	opte.	1 
moquoit	moquait	1 
entendoit,	entendait,	1 
respeft:	respect:	1 
anecdo'te	franco'te	1 
rappellé	rappellé	1 
carricature	caricature	1 
succesfeur	successeur	1 
dédommagent	dédommagement	1 
Mkrrt.	Mort.	1 
longtems,	longtemps,	3 
Ltans	Lans	1 
connoisseurs,	connaisseurs,	1 
Mierre	Pierre	2 
partio'	partie'	1 
Lany	Lanc	2 
étrangeres,	étrangers,	1 
fàit	fàit	1 
aussï	aussï	2 
mouvemens.	mouvement.	1 
Lavai	Laval	1 
n'existoit	n'existait	1 
anirée	animée	1 
enjouement	engouement	1 
paroît,	paroît,	4 
Feftris	Ferries	1 
plusieur*	plusieurs*	1 
Bonneteries	Bonneteries	1 
Flésselles,	Fléselles,	1 
eumiaer	premier	1 
intéresfer	intéresser	2 
succint,	succint,	1 
sanauteur.	animateur.	1 
sembleroit	semblerait	1 
senlation	sentation	1 
abondans	abondant	1 
zele	sele	15 
respe&able	reste&able	1 
repré-sensation	repré-sensation	1 
Zulime,	Limite,	4 
sèmblante	sèimplant	1 
égare-mens	égare-mens	1 
fiux	fix	1 
incidens,	incident,	2 
reconnoit	reconnait	2 
perfonnages	personnages	1 
tardi	tardi	1 
cqnferver	conserver	1 
d'oïi	d'oïi	1 
sOlt	sOnt	1 
facis	fais	1 
s'effeftuent	s'effectuent	1 
monlirueux	monstrueux	1 
reconnoît	reconnaît	10 
rqp*	rep*	1 
d'Epinnay	d'Epinay	1 
dédommagera	dédommager	1 
nnt	ont	1 
cncourageoit	encourageait	1 
talens	talent	15 
pourroit	pourrait	22 
fecond	second	1 
maisoti	maison	1 
longtems	longtemps	35 
candis	tandis	1 
richeLTes	richeSSes	1 
fein	fein	1 
Salion.	Salon.	1 
tems,	tems,	5 
j'Ecueil	j'Recueil	1 
Zulime	Limite	2 
décelent	décalent	2 
ensorte	encore	2 
consiance	confiance	1 
seeur,	soeur,	1 
l'héroisme	l'hérisme	1 
disgra-	disgr-	1 
sensibks,	sensible,	1 
longtems	longtemps	35 
Jdamé	Adamé	1 
complaisatjce.	complaisance.	1 
scrvira	servira	1 
cothurne	couronne	1 
Bouchot,	Bouchon,	1 
Conslitutions	Constitutions	1 
Jésuices.	Jésuites.	1 
afiez	aviez	1 
particuliere	particulier	2 
vuider	guider	1 
semai-Des',	semi-Des',	1 
zele	sele	15 
monumens	monuments	4 
patl'io.	paul'io.	1 
Nouey	Nouer	1 
trouvoms'	trouvons'	1 
zele	sele	15 
l'Epigramme	l'Pigramme	1 
Protestans,	Protestants,	1 
Sacremens,	Sacrement,	2 
sichant	sachant	1 
eonnoître	connoître	1 
satyriques:	satiriques:	1 
Mpitapbe	Pitaphe	1 
Cojle,	Cole,	1 
Cofte	Comte	1 
Galeres,	Galeries,	1 
ga.	ga.	1 
baite	faite	1 
authcntique.)	authentique.)	1 
d'inanition:	d'finition:	1 
Dixmerie,	Imagerie,	1 
Evêques,	Evêques,	2 
aflemblés	assemblés	1 
l'Inftitut	l'Institut	2 
l'Inftitut	l'Institut	2 
Poissi.	Poussi.	1 
eH:	eH:	1 
longtems,	longtemps,	3 
pourroit	pourrait	22 
Dixmerie	Imagerie	1 
auroit	aurait	24 
penflons	pensions	1 
tempéreroit	tempérerait	1 
fadeur,	fadeur,	1 
formeroit	formeront	1 
d'Epomne	d'Iphone	1 
frats,	frais,	1 
plette.	palette.	1 
paroît,	paroît,	4 
c'efl:	c'el:	1 
longtems	longtemps	35 
assourdissoit	assourdissant	1 
tâter,	tâter,	1 
accens	accent	2 
Aftrice	Actrice	1 
Dumelnit	Document	1 
auroit	aurait	24 
pouvoit	pouvoir	7 
gagneroit	gagnerait	1 
élans	élans	1 
frc'	frc'	1 
applaudissemens,	applaudissements,	1 
applaudissemens	applaudissements	8 
échapent	échappent	1 
foit	fait	7 
vieillissez	vieillesse	1 
tou-,	tou-,	1 
pldisir.	plaisir.	1 
reprochoit	reprochait	1 
plaijîr,	plaidîr,	1 
vouloit	voulait	14 
pourroit	pourrait	22 
sigure	figure	1 
A&rices	A&rires	1 
penlionnaires	pensionnaires	1 
distin-	destin-	1 
talens.	talent.	5 
l'ci-sai	l'ci-sai	1 
eit	eit	2 
semillant	semblant	1 
messied	messie	1 
neval	naval	1 
Atteurs	Acteurs	2 
Ballecour,	Bellecour,	1 
faite;	faite;	1 
d'onttion,	d'onction,	1 
pftoît	patoît	1 
eit	eit	2 
d'impuden.	d'impunit.	1 
falloit	fallait	10 
déteftable.	détestable.	1 
ceuxci	celui	1 
disparoître	disparaître	2 
tempteurs.	cepteurs.	1 
ornoient	ornaient	1 
diroient	diraient	2 
voyoient	voyaient	1 
diroient,	diraient,	1 
diroient	diraient	2 
longtems	longtemps	35 
dérider	dérider	2 
asseur,	assur,	1 
luic	luic	1 
tefuse	refuse	1 
comiq.se-	comit.se-	1 
altuelle	actuelle	1 
Montménils	Montménils	1 
Roscius	Obscurs	2 
Roscius	Obscurs	2 
speftacle	spectacle	1 
bordonné,	ordonné,	1 
arrangemens	arrangement	2 
triés	triés	1 
l'Ecueil	l'Cueil	2 
Picardin)	Picardie)	1 
d'Etrées	d'Entrées	1 
lorg'.ems:	lors'.ems:	1 
touchans,	touchant,	1 
croiroit	croirait	2 
BcJJus	BlOCus	1 
Févritr	Février	1 
C'étoiCune	C'éantOine	1 
succéderent	succéderont	1 
bordoient	bordaient	1 
Bfaife	Faire	1 
s'avijè	s'avisè	1 
Sédaine,	Séhaine,	3 
figny)	vigny)	1 
vuide	vide	5 
afteurs	acteurs	1 
Za'is	Za'is	1 
Cahusac,	Cahuzac,	1 
spe&acle	spe&cle	3 
treteaux	taureaux	1 
passoit	passait	2 
contri.	contre.	3 
graBde	graNde	1 
Irlandois,	Irlandais,	1 
découvroit	découvrit	1 
Cenftur	Centre	1 
niencé	nienté	1 
iouvent,	souvent,	1 
absolament	absolument	1 
Médeein	Médecin	1 
sçavacs.	sçavais.	1 
mettoit	mettait	1 
montoit	montait	2 
coafrere	comparer	1 
longtems	longtemps	35 
plasieurs	plusieurs	1 
reconnoissance,	reconnaissance,	1 
p2s	p2s	1 
sàns	sàns	2 
habillemens	habillement	1 
existans	existant	1 
Ximenès.	Cimenès.	2 
longtems	longtemps	35 
Ximenès.	Cimenès.	2 
Zulime,	Limite,	4 
vi61ime;	vi61ime;	1 
Zulime.	Limite.	1 
picce	pince	2 
froi?	roi?	1 
faudroit	faudrait	5 
Sacremens,	Sacrement,	2 
d'Ariettes,	d'Artistes,	2 
Divertissemens,	Divertissement,	1 
relIerrer.	resSerrer.	1 
reconnoît	reconnaît	10 
calomniateur	colonisateur	1 
si-amme	si-mme	1 
soupoudrée	saupoudrée	1 
connoisseurs	connaisseurs	4 
reconnoissenr	reconnaissent	1 
Voisenen.	Voisenen.	1 
goftt	gott	1 
affeété,	affrété,	1 
penfées,	pensées,	1 
l'architype	l'archetype	1 
Teftamsnt	Testament	1 
plaisans	plaisant	3 
tenoit	tenait	3 
descendans	descendants	1 
Cadenet,	Cadent,	1 
Grisel	Grise	2 
(el)	(el)	1 
Ignaciens	Incidents	1 
I'histoire	I'histoire	1 
Mere	Mere	1 
Grisel	Grise	2 
extravagans,	extravagant,	1 
Direfteur.	Directeur.	1 
saits,	sait,	1 
Prêtreméprisé»	Prêtreéprisé»	1 
L'Evêque	L'Evêque	1 
PrésiJent	PrésiDent	1 
Lereste,	Reste,	1 
d'ignorans,	d'ignorants,	1 
citoit	citait	1 
fcontinuellement	continuellement	1 
c'étoit	c'étoit	14 
c'étoit	c'étoit	14 
Jareate.	Relate.	1 
Jarente,qui	Jacente,qui	1 
signeroit	signerait	1 
Vengez,	Venger,	1 
tems:	tems:	1 
Vengez	Venger	1 
oseroit	oseroit	2 
Zaïs	Zaïs	1 
Fragmens,	Fragments,	2 
l'Aste	l'Aste	2 
Pflcbé.	Placeé.	1 
spe&acle.	spe&cle.	1 
proposoit	proposait	1 
sunt	sunt	1 
Mierre	Pierre	2 
enjouement,	engouement,	1 
Géliotte.	Gélinotte.	1 
longtems.	longtemps.	4 
Palissot,	Palisson,	3 
jouoit	jouit	4 
d-ménaïde.	d-méneïde.	1 
nerrécuté....	neurécuté....	1 
attendrit	attendait	1 
inflexions	inflexion	1 
speàa.	speàa.	1 
plufleurs	plusieurs	1 
applaudissemens	applaudissements	8 
renouvelloient	renouvellement	1 
eue:	eue:	1 
L'Inffinft	L'Infinit	1 
Lettte	Lettre	1 
Sçavans,	Sçavans,	1 
Requisitoire	Quisitoire	3 
Chalotais)	Chablais)	1 
moment-ci	moment-ci	1 
faudroit	faudrait	5 
j-epaires	j-paires	1 
délirer	délirer	1 
saDS	saNS	1 
l'Opéra-comioque	l'Opéra-comique	1 
Àrlequin:	Àrequin:	1 
ttrouve	trouve	1 
dérider	dérider	2 
grossse	grosse	1 
c'cst	c'est	2 
Asseur,	Assur,	1 
choréographic.	choréographie.	1 
Ruette	Rette	1 
Mujucien	Musicien	1 
désireroit	désireront	1 
Clairval	Clairage	2 
talens	talent	15 
Ceàlleau	Ceàleau	1 
touces	toutes	1 
noblèsse	nobleèsse	1 
Madme.	Madame.	1 
longtems	longtemps	35 
n'étoit	n'étoit	11 
l'enjouement	l'engouement	1 
cilenni.	cennies.	1 
flexibi-	flexion-	1 
Speftacle.	Spectacle.	1 
sentimen-t.	sentiment-t.	1 
devroit	devrait	3 
suffisoit	suffisait	1 
gôût3	gôût3	1 
affoiblis	affaiblis	1 
talens,.	talent,.	1 
rinconstance	inconstance	1 
gravelures,	gravures,	1 
Rosoy	Rosny	1 
talens	talent	15 
l'Amit	l'Amit	1 
auroit	aurait	24 
fi-Diroit	fi-Droit	1 
incidens,	incident,	2 
reconnoît	reconnaît	10 
Hifloire	Histoire	3 
Akib	Akio	1 
j-la	j-la	1 
séveres	sévers	3 
auroit	aurait	24 
histrions	historien	2 
n'auroient	n'auroient	1 
redoublera	redoubler	1 
l'occafion	l'occasion	1 
noap	noah	1 
conséquencè,	conséquencè,	1 
Marècbat,	Marèbat,	1 
redeviens	redevient	1 
Mahis,	Mais,	1 
Feutry	Feutre	1 
Laurès	Laurès	1 
Miere	Mire	6 
Pesîelier,	Pesîlier,	1 
Sédaine,	Séhaine,	3 
Bruyere)	Bordure)	1 
Laurès,	Laurès,	1 
vigation,	viation,	1 
zele	sele	15 
l'Eponim	l'Emploi	1 
vouloient	voulaient	1 
préfenteJçs	préfenteçs	1 
paroissant	paraissant	2 
devoit	devait	27 
n'entraîneroit	n'entraînerait	1 
pqur	pour	1 
Veriere;	Dernier;	1 
devoit	devait	27 
atte,	acte,	2 
Tbiagene	Tangente	1 
également,/a	également,/a	1 
jouïront	jouïront	1 
mouvemens	mouvement	2 
devoient	devient	6 
Caille	Caille	1 
célebres	célibres	1 
Romai*	Roman*	1 
déplqyé	déployé	1 
Cormontel,	Confronte,	1 
fibi,	fini,	1 
foudain	soudain	1 
speftateurs	spectateurs	1 
précipitoient	précipitaient	1 
speetacle.	spectacle.	1 
fadeurs	faveurs	2 
encouragemens.	encouragement.	1 
TAriette	MAriette	1 
fuis	fois	7 
sottisès,	sortisès,	1 
J'allois	J'allais	1 
çroyois	çtrois	1 
devast:,	devant:,	1 
Pfenfe-t-on	Pense-t-on	1 
Pouvoit.	Pouvoir.	1 
épargnai	épargna	1 
Chevert	Chevet	1 
soutieat	soutient	1 
applaudira;.	applaudir;.	1 
çesTe	çesTe	1 
cornposition	composition	1 
esfc	esc	1 
déchiriez,	déthiriez,	1 
l'Editeur,	l'Editeur,	1 
l'auroit	l'aurait	2 
Palissot,	Palisson,	3 
Clairval	Clairage	2 
jouoit	jouit	4 
malheureusèment	malheureuxèment	1 
Jéluites	Jésuites	1 
LanguI	LanguE	1 
l'ocçasion	l'ocçation	1 
Attes,	Actes,	1 
comedie	comedie	1 
J)	J)	1 
requisition	acquisition	1 
devroient	devraient	1 
J'Abbé	J'Abbé	1 
plaifanterie.	plaisanterie.	1 
Vendroit	Endroit	1 
ourdit,	surdit,	1 
concourut	concourt	1 
jea	je	1 
s'emparoit,	s'emparait,	1 
fbt	fut	1 
sa.femine,,	sa.famine,,	1 
-'Ie	-'Ie	1 
deuy,	deux,	1 
jalousse.	jalousie.	1 
Courirat.	Pourrait.	1 
zele	sele	15 
Apedente	Pendante	1 
C'efl:	C'el:	1 
Bartbe,	Barbe,	1 
légeres	légers	1 
Gresset	Grasset	2 
Desmahis,	Desmarais,	1 
ouvragt	ouvrage	1 
compo/é	comp/é	1 
auroit	aurait	24 
choscs	choses	1 
étrangeres	étrangers	2 
vouloit	voulait	14 
10O	10O	1 
qu'auroit	qu'aurait	1 
connoissent.	connaissent.	1 
jme.	me.	1 
Oeutrès	Outrès	1 
gueres	guerres	3 
Majessé.	Majesté.	1 
voyes	voies	1 
hostilement.	subtilement.	1 
racontoit	racontait	1 
paroÍtre	paroÍtre	1 
respeftable	respectable	1 
Formey.	Forme.	1 
paroissoit	paraissait	4 
fuis	fois	7 
Marjcbal.	Marchal.	1 
cede	cide	4 
fuis	fois	7 
Ttit,	Tait,	1 
speé1:a-cle	speé1:a-cle	1 
Fayart	Fayard	1 
di/cours	di/cours	1 
Chalotais,	Chablais,	2 
Griffet;	Griffes;	1 
foible	faible	7 
voudroit	voudrait	5 
pasle	pasle	2 
Syfi:ême	Safi:ême	1 
fondemens	fondement	1 
Chalotais	Chablais	4 
longtems	longtemps	35 
travailloit	travaillait	4 
Pacelle,	Parcelle,	1 
bifioire	biliaire	1 
L'impudent	L'imprudent	1 
sureurs	sueurs	1 
Mariamm	Mariam	1 
attendrie	attendre	1 
c'étoit	c'étoit	14 
donneroit.	donnerait.	1 
Constimions	Constimions	1 
s'apperçoit	s'apperçoit	4 
étoit,	étoit,	1 
Sçavans	Sçavans	2 
parloit	parlait	3 
recevoit	recevoir	1 
répondoit	répondit	1 
carac.	caract.	2 
ze!e	ze!e	1 
fi&ion	fi&ion	1 
extasié	extaseé	1 
pourroit	pourrait	22 
présagent	préagent	1 
auroit	aurait	24 
Eloges	Loges	3 
Ruvaliere.	Rivaliser.	1 
Nause,	Cause,	1 
OJe	JE	1 
Eloges	Loges	3 
Belidor	Bellion	1 
devoit	devait	27 
chymiste,	chimiste,	1 
Planetes	Plantes	1 
passoit	passait	2 
36,000,00Q	36,000,00Q	1 
fadeurs	faveurs	2 
contenoit	contenait	1 
alloit	allait	3 
désunion.	déunion.	1 
Cbauveîin	Chauveîin	1 
zele	sele	15 
desavoue	savourer	1 
Chalotais,	Chablais,	2 
IJ62.	IJ62.	1 
paile	parle	1 
combé	compé	1 
petiù	petitù	1 
envoyoit	envoyait	2 
autanc	autant	1 
l'occasioIJ	l'occasioN	1 
zele	sele	15 
arpens	arpent	1 
Turbots	Turbots	1 
Soles	Soles	1 
Carmes,	Carmes,	1 
oblation	ablation	1 
faudroit	faudrait	5 
s'acquittoient	s'acquittent	1 
cottisés	cotisés	1 
VaiITeaux,	VaiSSeaux,	1 
Célesiin'	Célestin'	1 
délibéroient	délibésoient	1 
Wuites,	Suites,	1 
Coliegs	Coliers	1 
Louk	Loup	1 
Prevôt	Revôt	3 
reparoît	reparaît	3 
fsrvir	savoir	1 
l'Anglois.	l'Anglois.	2 
avantures	aventures	4 
l',Inette	l',Nette	1 
excessïfs,	excessïfs,	1 
générai.	général.	1 
longtems	longtemps	35 
louoit	louoit	2 
journaliere	journalier	1 
taxer	taxer	1 
montoit	montait	2 
Adminissrateurs	Administrateurs	1 
Guftavei	Gustave	1 
surtoutr	surtout	1 
nc'	nc'	1 
chansonné	chansoné	1 
attendoit.	attendait.	1 
lyamour	lamour	1 
surmoMk	surnoMm	1 
Chimene	Chine	2 
Chimene	Chine	2 
s'attendoit	s'attendait	4 
clôre	clôre	2 
d'événemens	d'événements	1 
spetlateur,	spectateurs,	1 
rouloit	roulait	2 
fluxion	flexion	1 
me<	me<	1 
d'araire	d'raire	1 
tems,	tems,	5 
Françoise:	Françoise:	1 
caraéleres	caraélures	1 
Aymond)	Raymond)	1 
étoifr	éavoir	1 
feroit	feront	8 
longtems	longtemps	35 
détail-1er	détail-1er	1 
naissan»	nissan»	1 
destinoit.	destinait.	1 
Ruffie,	Ruffier,	1 
Villeroi	Villeroi	2 
Voiiènon	Voirènon	1 
Coste,	Coste,	2 
iisant	visant	1 
c'étoit	c'étoit	14 
confrontez-les	confronter-les	1 
méritoit..	méritait..	1 
prochai.	prochain.	1 
zele	sele	15 
cherchoit	cherchait	2 
mettroit	mettrait	2 
prochoit	prochain	1 
foiblesse	faiblesse	4 
d'Exaudet.	d'Meraude.	1 
délibere	délibert	1 
Seroit-ce	Serait-ce	1 
diélés	diélés	1 
talens	talent	15 
Lattaignant	Atteignant	1 
privile.	privil.	1 
hoirs	hors	1 
journalisse.	journaliste.	1 
éroit	ésoit	1 
longtems	longtemps	35 
Roisr	Rois	1 
Anglois,	Anglois,	1 
Defpotisim	Despotisme	1 
Falconet	Falcone	1 
l'efivi	l'invit	1 
sçut	sçut	1 
caraaere	caravane	1 
Plaideuse	Patineuse	2 
d'ariettes.	d'artistes.	3 
Duny	Dun	2 
paroissent	paraissent	4 
Plaideuse	Patineuse	2 
changemens,	changement,	2 
paroissoit	paraissait	4 
verrification,	verrification,	1 
Pucel'e,	Puce'e,	1 
recrié	recré	1 
défignent	désignent	1 
Barbeu	Barbe	2 
l'impolture.	l'imposture.	1 
étrangeres	étrangers	2 
pasle	pasle	2 
avantures	aventures	4 
pourroit	pourrait	22 
eoup	coup	1 
devoit	devait	27 
lissot	tissot	1 
Attes	Actes	1 
cônsentem*ent	côentente*ent	1 
longtems	longtemps	35 
l'exaétitude	l'exénitude	1 
méritoit.	méritait.	2 
vouloit	voulait	14 
roic	roi	1 
naturalibus.	naturalis.	1 
dévanciers	déanciers	1 
n'étoit	n'étoit	11 
n'étoit	n'étoit	11 
connoissoit	connaissait	3 
apperçu,	apperçu,	1 
n'étoit	n'étoit	11 
génuflexions,	géflexions,	1 
Cemmentaire	Commentaire	1 
Marécbal	Maréchal	1 
Bef-	Bef-	1 
asseur	assur	1 
empressemens	empressement	1 
longtems	longtemps	35 
Méprijès,	Méprisès,	1 
Palissot,	Palisson,	3 
cannevas	cannevas	2 
MeJJteurs	MeTTeurs	1 
appelloit	appellent	2 
composoient	composaient	1 
aues,	ques,	1 
devoient	devient	6 
Palissot.	Palisson.	4 
sembloient	semblaient	1 
inserent	internet	1 
Palissot	Palisson	5 
zele	sele	15 
siflet	sifflet	1 
applaudissemens	applaudissements	8 
humilians	humiliant	1 
battemens	battements	4 
rallentissement	ralentissement	1 
Palissot.	Palisson.	4 
saveur	saveur	1 
l'auroit	l'aurait	2 
n'étoit	n'étoit	11 
étoit-	étoit-	1 
moriginer	origine	1 
Palissot	Palisson	5 
C'elt	C'est	2 
Zdmire	Admire	1 
foible,	faible,	2 
poussiere	pousser	1 
Cbanjon,	Chanson,	1 
l'air,	l'air,	1 
souflets?	souffle?	1 
tettons	mettons	1 
charmans	charmant	1 
d'appas,	d'appar,	1 
n'étoit	n'étoit	11 
soupçonnoit	soupçonnait	1 
Jésuitiques	Jésuitique	1 
Irus,	Virus,	1 
longtems	longtemps	35 
ftecle	telle	1 
stecle	steele	1 
falloit	fallait	10 
vouloit	voulait	14 
s'obstinoit	s'obstinait	1 
comparoir	compromis	1 
pouvoit	pouvoir	7 
aimoit	aimait	1 
vouloit	voulait	14 
alloit	allait	3 
deilus	depuis	1 
C'esfc	C'esc	1 
dcla	dala	1 
coqrt	court	1 
tioD"	tioN"	1 
raisonnemens.	raisonnement.	2 
longtems	longtemps	35 
plusicurs	plusieurs	1 
appartiendroit.	appartiendrait.	1 
disposoient	disposaient	1 
offroit	offrait	2 
Juint	Juin	1 
Barbeu	Barbe	2 
,autaor	,autor	1 
piao	piano	1 
RouJJèau	RouGEèau	1 
ameres,	amers,	3 
cbaffins	cubains	1 
devoit	devait	27 
même-tems	même-temps	1 
Renoux.	Genoux.	1 
Chalotais	Chablais	4 
ess'chez	ess'chez	1 
jceptrë	centreë	1 
jugemens	jugement	1 
pourroit	pourrait	22 
conviént	conviént	1 
feules	seules	1 
talens,	talent,	4 
phyfique.	physique.	1 
tenoit	tenait	3 
vuide	vide	5 
minuties.	minutes.	1 
Famertume	Amertume	1 
Robinfoa	Robinson	1 
galoppent	galoppent	1 
jurqu'aux	jusqu'aux	1 
intéressans.	intéressant.	2 
Eleve,	Eleven,	1 
reconnoît	reconnaît	10 
uu	uu	1 
persifîlage.	persiaîlage.	1 
qu'avoit	qu'avoit	1 
Burry.	Barry.	1 
ceryeau	cerveau	1 
foible	faible	7 
s'altéroit	s'altérit	1 
abondans.	abondant.	1 
desiinées	destinées	1 
Gravelot	Gravel	1 
fpe&acle	fpe&cle	2 
plusr	plus	1 
auroit	aurait	24 
Hilas	Hills	2 
Paitorale	Pastorale	1 
Sennecterre.	Sennecterre.	1 
Musiciea,	Musicien,	1 
mufique	musique	2 
foible,	faible,	2 
consite	consiste	1 
Bergere,	Berger,	1 
insidèle	infidèle	1 
repen-	repens-	1 
Envain	Devant	2 
Bergeres	Bergers	1 
IJocc	OCcup	1 
atterre,	atterri,	1 
Atrie	Trie	1 
Sancbo	Sancho	1 
pourroit	pourrait	22 
confidérable,	considérable,	1 
Démocratil,	Démocratie,	1 
voudrojt	voudront	1 
Do&rine	Do&rine	1 
pourroit	pourrait	22 
distinactions	distinctions	1 
l'irréligion,	l'irrélegion,	1 
promettoit.	promettait.	2 
connoisseurs	connaisseurs	4 
pasfions	passions	1 
caradériie	caraérie	1 
caraftérise	caractérise	1 
entroit	endroit	1 
ChoiseuI.)	ChoiseuL.)	1 
rejettant	rejettent	1 
pa:	pa:	2 
grojpssènt	groupesènt	1 
Attrices	Actrices	1 
menoit	benoit	1 
Ampbi-	Ampli-	1 
gouris.	souris.	1 
jouoit	jouit	4 
seulemeut	seulement	1 
Palissot	Palisson	5 
rejJèmblance..	rejJèblanc..	1 
c'étoit	c'étoit	14 
Moliere	Moire	2 
auroit	aurait	24 
peroraison	perforation	1 
méritoit.	méritait.	2 
aujour.	aujourd.	1 
zele	sele	15 
àl'ôccasion	àl'ôoccasion	1 
Spettac1e	Spettac1e	1 
saandale	scandale	1 
Mécene	Mécent	1 
Appollon,	Apollon,	1 
jouoit	jouit	4 
pedfoble	redouble	1 
divertissemens,	divertissement,	1 
Fragmens,	Fragments,	2 
l'Ac-	l'Ac-	1 
Attej	Attel	1 
baffoué	bafoué	1 
Geliotte.	Elliott.	1 
Fragmens.	Fragments.	1 
Malthe,	Malte,	1 
ameres,	amers,	3 
recevroit	recevront	1 
histrions,	historien,	1 
Fragmens	Fragments	1 
Afteurs	Acteurs	3 
Mierre,	Pierre,	1 
n'auroit	n'aurait	6 
jouoit,	jouit,	1 
c'étoit	c'étoit	14 
Evite:	Vite:	1 
tfy	tf	1 
pa:	pa:	2 
fondemens.	fondement.	1 
argumens	argument	2 
Louons	Jouons	1 
zele,	sele,	2 
Recourons	Recours	1 
c'eit	c'est	2 
viftorieuses.	victorieuses.	1 
s'apperçoit	s'apperçoit	4 
inimense,	immense,	1 
élevcs	élevis	1 
travailloient	travaillaient	1 
longtems	longtemps	35 
PbilojÕpbiques	PiloteÕpliques	1 
Londes....	Londres....	1 
tems,	tems,	5 
misere,	miser,	3 
devoit	devait	27 
Parna/se	Para/se	1 
Gresset	Grasset	2 
l'entreprife	l'entreprise	1 
condi.	confi.	1 
fpe&acle	fpe&cle	2 
suivoient	suivaient	1 
fk	fk	1 
Bouchardon,	Bouchard,	1 
Pigale	Cigale	3 
Bouchardon	Bouchard	1 
n'étoient	n'étoient	1 
talens,	talent,	4 
douteurs	douleurs	1 
comparoîtront	comparaîtront	1 
salvum	saloum	1 
aroces	atroces	1 
peroraisons.	perforation.	1 
désavouent	déavouent	1 
Caveirac	Capoeira	3 
Dancour,	Cancour,	1 
Bellin,	Bellin,	1 
aujoud'hui	aujourd'hui	1 
obscene,	absence,	1 
grossiere,	grossier,	1 
imperti-	imparti-	1 
nente,	sente,	1 
plaisans	plaisant	3 
diflique	cifique	1 
épithetes	épatentes	1 
C'efl	C'el	1 
So-3,	So-3,	1 
ser„	ser„	1 
auroit	aurait	24 
suprimé,	supprimé,	1 
Aujourd'huii	Aujourd'hui	1 
ména-	ména-	1 
Suplément	Supplément	1 
concernoit	concernait	1 
excroqueries,	escroqueries,	1 
impudence	imprudence	1 
deshonorât	shonorât	1 
Caveirac	Capoeira	3 
eiprit	esprit	1 
fervens,	fervent,	1 
Roué	Roué	1 
Griffet	Griffes	1 
disseque	disque	2 
reconnoitre	reconnaitre	1 
Requisitoire	Quisitoire	3 
dénué	dénué	3 
Ensans	Ensans	2 
lirréjolu,	lirréjou,	1 
représentatrons.	représentations.	1 
Eleves	Eleven	1 
concuru	concouru	1 
étoic	étoit	1 
sccond	second	1 
Mazarelli	Marcellin	1 
Courtisannes	Courtisannes	1 
quatrieme	quatrieme	4 
Tems.	Tems.	1 
gaIima.'	anImal.'	1 
thias.	this.	1 
istyle.	style.	1 
Ode,	Ode,	1 
bouffie.	bouffe.	1 
gistrale	installe	1 
Sigismonde.	Sigismond.	1 
promettoit	promettait	2 
s'appercevoir	s'apercevoir	1 
avoit.	avoit.	1 
Miere.	Mire.	1 
Ex-Jésuice,	Ex-Jésuite,	1 
Mande.	Monde.	1 
raisonnemens	raisonnement	1 
peremp-	premi-	1 
oseroit	oseroit	2 
Lesteur	Lecteur	1 
carac.	caract.	2 
Due,	Due,	1 
l'Eloge	l'Eloge	4 
lousse	pousse	1 
tronquer,	troquer,	1 
Boitement,	Boisement,	1 
Mirebalais	Mirebalais	1 
demeuroit	demeurait	1 
Vt>isenon	Vt>selon	1 
expliquoit	expliquait	1 
fuis	fois	7 
foible	faible	7 
résulteroit	résulterait	2 
Heureu.	Heures.	1 
vejlleuses.	veilleuse.	1 
diflingué.	distingué.	1 
particulieres,	particuliers,	1 
émue,	émue,	1 
Cbatte.	Chatte.	1 
paroît,	paroît,	4 
zele	sele	15 
applaudissemens	applaudissements	8 
l'appfend,	l'apprend,	1 
s'apperçoit	s'apperçoit	4 
l'Elettricité.	l'Electricité.	1 
échantil-Ion	échantal-Ion	1 
savant,	savant,	1 
sournis,	souris,	2 
sQn	sOn	1 
Galaibée,	Galaisée,	1 
donnions	donnons	1 
d'eseargot	d'escargot	1 
d'Oratio	d'Orazio	1 
Mondonvil-	Mondonvil-	1 
sentoit	sentait	1 
falloit	fallait	10 
Miere,	Mire,	2 
aboodance.	abondance.	1 
Gravelot:	Gravel:	1 
connoisseurs	connaisseurs	4 
poflérité	polérité	1 
Empyrique.	Empirique.	1 
Chalotais	Chablais	4 
aviseront	aviseront	1 
ditférens	ditérens	1 
transfere	transfert	1 
fieux	mieux	1 
Ottobre.	Octobre.	1 
Bourfiers	Boursiers	1 
détestablement	désensablement	1 
pourroit	pourrait	22 
Içait	Içait	1 
bâtimens	bâtiment	1 
Formey	Forme	2 
Nouvelll	Nouvelle	1 
Formey	Forme	2 
seches,	sectes,	1 
pourroit	pourrait	22 
longtems	longtemps	35 
devoient	devient	6 
balie.	balle.	1 
reven„	revenu„	1 
estques.	presque.	1 
mezo	melo	1 
NéceJJités.	NéceSSités.	1 
A/manae	A/mange	1 
n'ejî	n'enî	1 
ficiaU	ficia	1 
Pierre-Encise.	Pierre-Enlise.	1 
n'estad.	n'estado.	1 
missible	missile	1 
bien-êtra	bien-êtra	1 
Caquets	Paquets	1 
travailloit	travaillait	4 
Métromanie	Méromaine	1 
l'avanture	l'aventure	3 
coloroit	scolarit	1 
moqués	moqués	1 
affeéter	affréter	1 
durions	aurions	1 
pourroit	pourrait	22 
frondé	frondé	1 
d'amercume	d'amertume	1 
inort.	niort.	1 
Pigale	Cigale	3 
lésitravaux	létravaux	1 
Bouchardon.	Bouchard.	1 
Artisse	Artiste	1 
quatrieme	quatrieme	4 
n'étoit	n'étoit	11 
s'imaginoit	s'imaginait	1 
vu,étoit	vu,étoit	1 
voudroient	voudraient	1 
ouyrage	ouvrage	1 
Oftobre	Octobre	2 
Zulime,	Limite,	4 
Zetmire,	Empire,	1 
changemens	changement	3 
rédafteurs	rédacteurs	1 
savoit	savoit	2 
iidoit	doit	1 
Oftobre	Octobre	2 
doi''	doit''	1 
bâtimens,1	bâtiment,1	1 
Odlobre	Octobre	2 
possessïon,	pousserïon,	1 
rusage	usage	1 
Lisieus	Lisieux	1 
rouloit	roulait	2 
protégeroient	protégeraient	1 
carricature,	caricature,	1 
amere.	amer.	1 
tdus.	tous.	1 
<îe	<îe	1 
Oêlobre	Oêlibre	3 
tfesprit	esprit	1 
toùt	toùt	1 
Eclipses,	Clipses,	1 
Aârices,	Aârires,	1 
Natioas	Nations	1 
événemens	événement	3 
ibnt	int	1 
passésy	passésy	1 
assaisobhés	assaisonnés	1 
imauvaise	mauvaise	1 
vivans	vivant	2 
maiselles	marseille	1 
c'eit	c'est	2 
-d'Alctce,	-d'Acteur,	1 
Oflobre	Octobre	1 
Fragmcns,	Fragments,	1 
Hilas	Hills	2 
Aréthuse,	Aréteuse,	1 
Foiie,	Folie,	1 
reparoître	reparaître	2 
Alpbée	Alphée	1 
Arètbuse	Arèteuse	1 
longtems	longtemps	35 
Ícene	Ícent	1 
applaudissemens	applaudissements	8 
s'attendoit	s'attendait	4 
Danchet	Dimanche	2 
susceptibie	susceptible	1 
représencation	représentation	1 
plû,	plû,	1 
Nudeau,	Nadeau,	1 
précede,	précide,	1 
posterité	portraité	1 
exatt	exact	1 
Oêlobre	Oêlibre	3 
suprime	supprime	1 
sourberie	sourberie	1 
existoit	existait	1 
contrai're	contrat're	1 
n'étoit	n'étoit	11 
Noctarne,	Nocturne,	1 
proct,	proc,	1 
l'Anglois.	l'Anglois.	2 
Déstouches	Détouches	1 
ijoué:	joué:	1 
&5ie	&5ie	1 
Judit.	Audit.	2 
vuides	guides	1 
oumaliste	humaniste	1 
Lesteurs.	Lecteurs.	1 
muldte	minute	1 
OSobre	SObre	1 
Psiché,	Psyché,	1 
4istinguer	4distinguer	1 
Pjjcbé,	Jacobé,	1 
longtems	longtemps	35 
cafTe	carTe	1 
n'étoit	n'étoit	11 
momens	moment	2 
présen'	présen'	1 
Mathurins,	Mathurin,	1 
destruc.	destitu.	1 
aoo	ao	1 
ignorans	ignorant	1 
C;tbarœdorum	C;barœforum	1 
audientur	auditeurs	1 
amere,	amer,	2 
devoit	devait	27 
Citharœdorum	Citharœforum	2 
plaisans,	plaisant,	1 
Cynœdorum,	Cynœforum,	1 
présentoit	présentait	1 
rentroit	rentrait	1 
appuyoit	appuyait	2 
devenoit	devenait	1 
Cynœdorum	Cynœforum	1 
Citharœdorum	Citharœforum	2 
sçauroit	sçaurait	2 
poslérité	postérité	1 
Oêlobre	Oêlibre	3 
converjalion	conversation	1 
cbaifts.	combats.	1 
devoit	devait	27 
converration	conversation	1 
fijjets	filets	1 
Odlobre	Octobre	2 
ensin	enfin	2 
$rand	$rand	1 
sce<	sce<	1 
reeoirs	revenir	1 
Conifeil	Conseil	1 
qualifica.	qualifia.	1 
Cene	Cent	1 
sçauroit	sçaurait	2 
enri.	enti.	1 
consiant	constant	3 
Annetta	Annette	1 
déligné	déligné	1 
modeles	modules	2 
Géometre	Géomettre	1 
reconnoissance	reconnaissance	4 
devoit,	devait,	1 
trempant	trompant	1 
méritoit	méritait	3 
Graa-	Grav-	1 
Profpecîus	Propreîus	1 
Etrangères,	Etrangères,	2 
suivans,	suivant,	1 
zele	sele	15 
vigilans,	vigilant,	1 
talens.	talent.	5 
importans	important	2 
l'assujettit.	l'assujettis.	1 
Auroient	Auroient	1 
<f	<f	1 
d'Afie,	d'Asie,	1 
J'aurois	J'aurais	4 
aurois-je	aurais-je	1 
j'aurois	j'aurais	3 
m'auroit	m'aurait	2 
m'auroit	m'aurait	2 
J'aurois	J'aurais	4 
vûeux	vûeux	1 
J'aurois	J'aurais	4 
J',ous	J',sous	1 
.gloèfe	.gloèfe	1 
paisson	poisson	1 
l'horison:	l'horizon:	1 
j'aurois	j'aurais	3 
J'aurois	J'aurais	4 
jalouser	jalouse	1 
j'aurois	j'aurais	3 
èstime	èestime	1 
auroit-elle	aurait-elle	1 
Bejau	Beau	1 
cbez	chez	2 
liroit	liront	1 
auroit	aurait	24 
l'Eloge	l'Eloge	4 
Génevieve^a	Géneville^a	1 
FAbbé	ABbé	1 
correfpondance	correspondance	1 
habitans.	habitans.	1 
RoulJeau.	RoulEau.	1 
3mc.	3mc.	1 
Danchet	Dimanche	2 
Desmarets.	Desmarest.	1 
ajou.	ajout.	2 
longtems,	longtemps,	3 
Sédaine,	Séhaine,	3 
Monsigny.	Montigny.	1 
leçours,	leçours,	1 
cçtte	cçtte	1 
bril-	bris-	1 
longtems	longtemps	35 
vuide	vide	5 
néceITaire,	néceSSaire,	1 
promettoit.	promettait.	2 
Miere	Mire	6 
Lar"	Lar"	1 
longtems	longtemps	35 
d'Homere	d'Homer	2 
d'Homere	d'Homer	2 
vouloient.	voulaient.	1 
voudroit	voudrait	5 
Traduaion	Tradition	1 
Georgiques,	Organiques,	1 
reçu;	reçu;	1 
robscénité.	obscénité.	1 
paffé	affé	4 
tnoi,	toi,	1 
œillade	œiliade	1 
battemens	battements	4 
dq	dq	1 
çonsidération	çconsidération	1 
Ceqsure	Censure	1 
paroltre,	parole,	1 
restât	restât	1 
celésuite,	celésuite,	1 
iix	six	1 
Attrice	Actrice	1 
pouvoit	pouvoir	7 
indif.	indiff.	1 
avanture,	aventure,	1 
rcpréren.	repréren.	1 
Ecus.	Cus.	2 
s'ess	s'est	1 
l'éleaion	l'élegion	1 
Françoije	Françoise	1 
Décembn	Décembre	1 
Patr:e!!	Patr:e!!	1 
printems	printemps	1 
viel	viel	1 
léunie,	léunie,	1 
l'avanture	l'aventure	3 
s'attendoit	s'attendait	4 
Eponint	Point	1 
n'auroit	n'aurait	6 
foible	faible	7 
voulbit	voulait	1 
disposoit	disposait	2 
Clai.	Clar.	1 
pourroit.	pourrait.	1 
Diflertation	Dissertation	1 
SecoulTe,	SecousSe,	1 
ûyle,	ûyle,	1 
gigantesv	gagnantes	1 
sourdement	lourdement	3 
fouveram	trouvera	1 
l'iRsolent	l'iSolent	1 
méritoit	méritait	3 
protefteurs	protecteurs	1 
coratioi	coration	1 
diamans	diamant	1 
qull	quil	1 
d&vx	d&vx	1 
Wit,	Wit,	1 
Penfionnaire	Pensionnaire	1 
donneroit	donnerait	1 
Bom	Bom	1 
joueroient	joueroient	1 
étoienc	étoient	1 
riroit...	riorit...	1 
quqtrieme.	quqtrieme.	1 
Avoçat	Aoçat	1 
Ro.	Ro.	1 
Oa	Oa	1 
dislimuler	dissimuler	1 
Desronais.	Desmarais.	2 
Bernaud	Bernard	1 
AEtrice	ACtrice	1 
noavéautés	norvéautés	1 
Toùte	Toùte	1 
bril.	bris.	1 
l'espéroit.	l'espérait.	1 
Arueris.	Reprise.	1 
plu's	plu's	1 
relies	relief	1 
auroit	aurait	24 
llest	lest	1 
d'appointemens.	d'appointements.	1 
aisement.	gisement.	1 
pasTé	pasTé	1 
VoHenon,	VeNtion,	1 
troi-	trois-	1 
iéme:	iéme:	1 
Lourdet	Lourde	1 
Géliotte	Gélinotte	2 
Mattirate	Attirant	1 
vejlro	velopp	1 
iUi	qUi	1 
ViRG.	ViR.	1 
Qn	En	1 
Califle,	Calife,	1 
disseque	disque	2 
nécessairc	nécessaire	1 
faudroit.	faudrait.	1 
Dutillet	Juillet	1 
Caveirac,	Capoeira,	1 
longtems	longtemps	35 
difPércns	difFérons	1 
Poliee	Police	1 
Heuteusement	Heureusement	1 
incesfamment	incessamment	1 
rappelleroit	rappelleroit	1 
'établissemens.	'établissement.	1 
n'auroit	n'aurait	6 
feroit	feront	8 
Cadedis	Cadres	1 
joaeroit	joueront	1 
Elisaberb	Elisabeth	1 
chargeoit	chargeait	1 
ferii	ferai	1 
chêflfe,	chêfle,	1 
Tn'en	Tn'en	1 
défais	défais	1 
mre',	mre',	1 
quoit,	quoi,	1 
l'oh	l'oh	1 
sefëpara.	sefëpara.	1 
battemens	battements	4 
recbmmençaffent,	recommençaffect,	1 
peme	pme	1 
pouvoient	pouvaient	2 
disoient*ils,	disaient*ils,	1 
huée,	huée,	1 
s'amusa	s'amuse	1 
bièn(airant.	bièn(aimant.	1 
soulagea	soulager	1 
falloit	fallait	10 
Oeft	Left	1 
n'auroit	n'aurait	6 
compere	compare	1 
commere.	commerce.	1 
ItaW	Ita	1 
Atte,	Acte,	1 
d'Ariettes,	d'Artistes,	2 
Mulique	Musique	1 
Duny	Dun	2 
d'Anseaume.	d'Anselme.	2 
Alari,	Salari,	1 
séveres	sévers	3 
Bregis	Brebis	1 
Brothier.,	Brother.,	1 
gnésque	gnéque	1 
Diocese,	Dispose,	1 
calomniateur.	colonisateur.	1 
tronquant,	trouvant,	1 
consiante	constante	1 
prorcrit,	proscrit,	1 
convenoit	convenait	1 
Polixene,	Oliennes,	1 
réminiscen»	réministre»	1 
spettacle	spectacle	1 
Pirrhus	Pyrrhus	1 
rappella	rappelle	1 
<lu	<lu	1 
pourroit	pourrait	22 
çie	çie	1 
Ramsai	Ramsai	1 
voicit)	voici)	1 
c'eH:	c'eH:	2 
c'esl	c'est	1 
Hollandoise	Hollandaise	1 
voudrois	voudrais	2 
verroit	verront	3 
avee	avec	1 
reGvovée	reNvoyée	1 
'attri.	'attir.	1 
Anseaume	Danseuse	1 
Martiniere.	Martinique.	1 
Desronais	Desmarais	2 
réponu	répond	1 
nattlrel	naturel	1 
raboteux	boiteux	1 
sentimens;	sentiment;	1 
pénetré	péentré	1 
Dcsro-	Droit-	1 
par-delà	par-delà	1 
Emttms	Etats	1 
Paillards,	Pillards,	1 
entreteneurs,	entrepreneurs,	1 
Lany	Lanc	2 
hiftoire	histoire	1 
aussï	aussï	2 
diddit.	didier.	1 
tems,	tems,	5 
d'A-lembert,pour	d'A-lambert,pour	1 
Odard,	Onard,	1 
contri.	contre.	3 
l'instrudion	l'instruction	1 
prêtez	prêtez	1 
m'êtes	m'êtes	1 
sentimens	sentiment	4 
devoit	devait	27 
réponsc	réponse	1 
Due	Due	1 
genré	gensé	1 
convenoit,	convenait,	1 
déclimateur	décimateur	1 
voudroit	voudrait	5 
Amedée	Amenée	1 
distinft	distinct	1 
testes	textes	1 
paroillènt	parpillènt	1 
Desronais	Desmarais	2 
IF	IF	1 
Mednier	Meunier	1 
recent	recent	1 
quesrion	question	1 
pourroit	pourrait	22 
surdement	surement	1 
çabaler	çavaler	1 
enco.	ench.	1 
Greffet	Greffe	1 
amere	amer	4 
placet	place	4 
pourroit	pourrait	22 
placet	place	4 
rentre,	rentre,	1 
placet;	place;	1 
vou;	vou;	1 
appuyoit	appuyait	2 
ardens:	ardent:	1 
placet	place	4 
attouchemens	attouchements	1 
liiez'	lisez'	1 
bàiïïatft	bàiïïatt	1 
Dl!e.	Dl!e.	1 
placet	place	4 
c'étoit	c'étoit	14 
amere	amer	4 
placets,	places,	1 
végete	végeste	1 
fievre	faire	1 
d'alfifler	d'affilier	1 
bafladeurs,	baladeurs,	1 
êcre	êcre	1 
croiroit	croirait	2 
Etrangeres	Etrangeres	1 
fiel	fiel	1 
niece	nice	2 
reconnoissance.	reconnaissance.	2 
s'empresserent	s'empresseront	1 
attion.	action.	1 
connoissances	connaissances	4 
aequérir	acquérir	1 
parens.	parents.	2 
letture	lettre	1 
talens	talent	15 
accom-	accol-	1 
Geliotte	Elliott	2 
repéterent	repétement	1 
Vertumne	Amertume	1 
d'avantures,	d'aventures,	1 
rhiftoire	histoire	1 
Meyzieux,	Meyzieux,	1 
Duverney.	Duverne.	1 
perionnes	personnes	1 
con-noissoit	con-unissait	1 
parens.	parents.	2 
Meyzieux	Meyzieux	1 
l'expussa	l'express	1 
Dlle.	Elle.	1 
Caveirac	Capoeira	3 
tems-là	tems-là	1 
suspe&e	suse&e	1 
pla„	pla„	1 
redouterent	redoutent	1 
n'avoic	n'avoir	1 
vouloit,	voulait,	1 
feroit	feront	8 
demeurerai	demeurera	1 
Françoise*	Françoise*	1 
fàisoit	fàsoit	1 
s'élevera	s'élever	1 
fubsiftera	fubsiftera	1 
M.Fabbé	M.Abbé	1 
pourroit	pourrait	22 
feroit	feront	8 
rcsusé	sousé	1 
l'Impétatrice	l'Impératrice	1 
auroit	aurait	24 
auroit	aurait	24 
auroit	aurait	24 
talens	talent	15 
Diogene,	Digne,	1 
Tbèogene	Tbègene	1 
Cbariclée	Articulée	1 
s'attendoit	s'attendait	4 
disposaflent	disposaient	1 
rallentir	ralentir	1 
devoit	devait	27 
Oedipe	Equipe	1 
Philoctete.	Philoctete.	1 
raboteux,	boiteux,	1 
le&ure,	le&ure,	1 
Desronais.	Desmarais.	2 
Erses,	Perses,	1 
réfle.	réle.	1 
jéclame	jéclame	1 
partour	partout	1 
Ensans	Ensans	2 
parottra	partira	1 
contien<	contient<	1 
argumens	argument	2 
congratuler	congratuler	1 
vouloit	voulait	14 
produdlion.	production.	1 
brillans,	brillant,	1 
remission	emission	1 
longtems	longtemps	35 
longtems	longtemps	35 
Luzi	Luzi	1 
promettoit	promettait	2 
JJonnes	BOnnes	1 
d'ariettes.	d'artistes.	3 
seRsation.	seRvation.	1 
reparoît	reparaît	3 
Elcuse,	Excuse,	1 
Comifue	Comique	1 
Cbanfon.	Chanson.	1 
Lattaignan	Atteignant	1 
Frumery,	Former,	1 
foible.	faible.	2 
attes	actes	2 
guere	guerre	1 
étrangere,	étranger,	1 
gueres	guerres	3 
espéroit	espérait	1 
monteroit	monteroit	1 
talens.	talent.	5 
ingéraeuse	ingérieuse	1 
aftrice.	actrice.	1 
pouvoit	pouvoir	7 
exclurivement,	exclusivement,	1 
Crebillon.	Carillon.	3 
attribuoit	attribuait	1 
consiant	constant	3 
l'alluCon	l'alluSion	1 
vouloit	voulait	14 
Geliotte,	Elliott,	1 
Miere,	Mire,	2 
laisseroit	laisserait	2 
Billion	Billion	1 
reconnoît	reconnaît	10 
vani.	mani.	1 
scacdales.	scandales.	1 
fleche,	fleche,	1 
reconnoit	reconnait	2 
l'orit	l'crit	1 
c'cst	c'est	2 
barbouillage	brouillage	1 
capucinade	capucines	1 
veres	vers	1 
Philofophie,	Philosophie,	1 
Moseou	Moscou	1 
complimens	compliment	1 
Loke,	Love,	1 
d'Aos	d'Aos	1 
Patbos	Patbos	1 
Buffier	Ruffier	1 
Pezetias,	Pesetas,	1 
Rootb,	Roots,	1 
Bertbief,	Berthier,	1 
longtems	longtemps	35 
,Ie	,Ie	1 
stache,	tache,	1 
Garasse	Grasse	1 
c-crit,	c-crit,	1 
Hortensius	Hortensius	1 
Hutb,	Hutu,	1 
Bertbier.	Berthier.	1 
connois	connais	5 
Crebillon.	Carillon.	3 
connois	connais	5 
;j'aurois	;j'aurais	1 
falloit	fallait	10 
rogatons.	rogations.	1 
aITez.	sITez.	1 
niece	nice	2 
couri-ne	cours-ne	1 
Cbimene,	Science,	1 
reconnoît	reconnaît	10 
parens	parents	1 
l'Heraclius	l'Raclius	1 
creverez	revendre	1 
Histaire	Histoire	1 
l'etoit	l'toit	1 
sois	sois	3 
difter,	diter,	1 
Motbe	Motte	1 
Manheim,	Mannheim,	1 
l'Electeur	l'Lecteur	1 
appellé,	appellé,	1 
queflion	question	1 
vouloit	voulait	14 
inceflamment.	incessamment.	1 
talens	talent	15 
appartemens	appartement	1 
Geliotte	Elliott	2 
figuroit	figurait	1 
speftacle.	spectacle.	2 
devoient	devient	6 
devoit	devait	27 
trouveroient	trouveraient	1 
bleiIer.	olivIer.	1 
l'erprit	l'esprit	1 
Foijènon,	Foisènon,	1 
filledel'Anglois	fillette'Anglois	1 
scs	scs	1 
remer-	remet-	1 
reconnoissance	reconnaissance	4 
l'Anglois,	l'Anglois,	3 
cede	cide	4 
Negres;	Negras;	1 
disposoit	disposait	2 
Bentkber	Bendtner	1 
Cabalis-	Canalis-	1 
paroît:	paroît:	1 
jadicîeuse	jadisîeuse	1 
Parlemens.	Parlement.	1 
d'EguilIes,	d'FeuilLes,	1 
persas	persan	1 
dadtti	attir	1 
feconde	seconde	1 
ouvroit	ouvrit	1 
qu'ilk	qu'il	1 
c'étoit	c'étoit	14 
tecommencé.	recommencé.	1 
applaudissemens	applaudissements	8 
devoit	devait	27 
affec.	affect.	2 
n'auroit	n'aurait	6 
l'irrémissible	l'irrémissile	1 
diitritt,	district,	1 
speftacle.	spectacle.	2 
semai.	semi.	1 
dudiu	dudit	2 
recueilloit	recueillit	1 
cetu;	cet;	1 
respeft	respect	1 
rcconnoissance	reconnaissance	1 
dw	dw	1 
étoicnt	étoient	1 
histrions	historien	2 
connoissent	connaissent	2 
sourdement,	lourdement,	2 
détermi.	détermin.	1 
porteroit	porterait	1 
Manheim	Mannheim	1 
l'Elefteur	l'Lecteur	1 
talens	talent	15 
feroit	feront	8 
Palissot.	Palisson.	4 
Villeroi	Villeroi	2 
carattérisé.	caractérisé.	1 
lisoit	lisait	1 
Bergere	Berger	3 
Alpts.	Alpes.	1 
mécoonoître.	méconnoître.	1 
décelent	décalent	2 
pleuva.	pleuva.	1 
(s'écrie	(s'écrie	1 
appelloit	appellent	2 
Coufin	Cousin	1 
c'étoit	c'étoit	14 
panégyrisé	panégrisé	1 
Languet,	Langue,	1 
uîité	uîité	1 
péroré	péroré	1 
sois	sois	3 
battemens	battements	4 
ceintre,	centre,	1 
louoit	louoit	2 
formoit	formait	2 
longtems	longtemps	35 
mêmeg	même	1 
remerciemens	remerciement	2 
Irlandois	Irlandais	1 
Brehant,	Prenant,	2 
Inspec.	Inspect.	1 
AinH	Ain	1 
Brehant,	Prenant,	2 
Marmoacel	Marmoacel	1 
de'résenter	de'résenter	1 
POETIQUE,	PORTIQUE,	1 
tems-ci	tems-ci	1 
connoisseurs.	connaisseurs.	1 
EJprit,	ESprit,	1 
sentimens	sentiment	4 
rogatons,	rogations,	1 
l'envoye	l'envoye	1 
Mébegan.	Mébesan.	1 
Coyer.	Foyer.	1 
verroit	verront	3 
respeâe	resteâe	1 
foiblesse	faiblesse	4 
battans	battant	1 
Permesse	Kermesse	1 
Irois-je	Trois-je	1 
noice	noire	1 
Pilade	Pilate	1 
Cazot','	Capot','	1 
beaytés	beautés	1 
Lamoignon,	Plamondon,	1 
Bonami	Konami	1 
Cythere.	Cherche.	1 
pre>	pre>	1 
foulagé	soulagé	1 
menent	mement	1 
m'ainuse	m'ainsi	1 
soufile	souffle	1 
loix,	loix,	1 
touchans	touchant	2 
c'eH:	c'eH:	2 
haïr,	haïr,	1 
vuide	vide	5 
alloit	allait	3 
zele	sele	15 
passeroit	passerait	3 
entiere,	entier,	1 
talens.	talent.	5 
attes	actes	2 
aetes,	actes,	1 
ayent	ayant	1 
deDôle,	deôle,	1 
répugnoit,	répugnait,	1 
représentcta.	représentant.	1 
Tuilleries	Tuileries	3 
pourroit	pourrait	22 
dudiu	dudit	2 
talens	talent	15 
connoisseurs	connaisseurs	4 
n'avoient	n'avoient	2 
resiât	resât	1 
rayal,	royal,	1 
maisbns,	maisons,	1 
faciliteront	facilitent	1 
quatrieme	quatrieme	4 
Ecus.	Cus.	2 
l'Eloge	l'Eloge	4 
Palaye	Palace	1 
nlots	lots	1 
pajjages	passages	1 
savori	savoir	1 
transpor-1a	transport-1a	1 
femblée.	emblée.	1 
lefture	lecture	1 
Profes.	Proies.	1 
feur	leur	1 
d'Eloquence	d'Loquence	2 
regardoit	regardait	1 
Hellot,	Hello,	1 
sçavamment	sçsavamment	1 
chymiste.	chimiste.	1 
paITé,	faITé,	1 
risibles	visibles	2 
Jes	Jes	1 
quatrieme	quatrieme	4 
Maloum,	Saloum,	1 
J'art	J'art	1 
disputoit	disputait	1 
levé,	levé,	1 
falloit	fallait	10 
demandoit	demandait	1 
dédommagemens	dédommagement	1 
projettée	projetée	1 
joueroit	joueront	1 
Tuilleries,	Tuileries,	1 
appellée	appellée	1 
tbéâ-	tbéâ-	1 
la'jsalle	la'salle	1 
qùe	qùe	1 
Dams	Dams	1 
jîuger	jîger	1 
événemens	événement	3 
Nicoclès.	Nicolès.	1 
fattice.	factice.	1 
satvre	satire	1 
amere	amer	4 
-GraDds	-GraNds	1 
endet.	endett.	1 
connoissent	connaissent	2 
voudroit	voudrait	5 
vùes	vùes	1 
cede	cide	4 
operent	peuvent	1 
sentimens.	sentiment.	2 
nôus	nôus	1 
connoissons	connaissons	2 
Palissot.	Palisson.	4 
reconnoître	reconnaître	2 
Helvetius;	Helvetia;	1 
coneerts	concerts	1 
Tuil-Jeries,	Quil-Series,	1 
s'exécutoit	s'exécutait	1 
auroit	aurait	24 
Afteurs	Acteurs	3 
d'Appdlle	d'Appelle	1 
d'ariettes.	d'artistes.	3 
l'indi.	l'indi.	1 
Envain	Devant	2 
foible	faible	7 
paroîtra	paroîtra	3 
aveul	aveu	1 
Marqui/è	Marque/è	1 
nee'dotes	nee'notes	1 
ameres,	amers,	3 
importans	important	2 
Verriere,	Verrier,	1 
distin^uent	destin^rent	1 
suecès,	succès,	1 
talens	talent	15 
courtisanne	courtisane	3 
a&es	a&es	1 
d'ariettes,	d'artistes,	1 
longtems	longtemps	35 
travailloit	travaillait	4 
longtems.	longtemps.	4 
fôlle	fôlle	1 
Lemiere	Lemire	2 
Magnet	Magnat	1 
dudtt.	dudit.	2 
Miere	Mire	6 
l'Idomenée,	l'Dominée,	1 
Crebillon.	Carillon.	3 
devoit	devait	27 
PréviUe,	PrévuE,	1 
lc&	lc&	1 
sacrisié.	sacrifié.	1 
jouaillier,	joaillier,	1 
avèc	avèc	1 
négotiant.	négociant.	1 
constitutivé	constitutiveé	1 
Henault	Renault	1 
Prophete.Roi,	Prophete.Roi,	1 
juppes.	jupes.	1 
personner	personnes	1 
débita	débit	1 
sufceptibles	susceptibles	1 
sensa.	sens.	1 
L'Oby	L'Ob	1 
mpk	mp	1 
longtems	longtemps	35 
Ol1	Ol1	1 
l'Athalie	l'Nathalie	1 
résulteroit	résulterait	2 
carosses,	carosses,	1 
l'établissoit	l'établissait	1 
Tuilleries	Tuileries	3 
l'esperoit.	l'esprit.	1 
Mlles.	Elles.	1 
Verriere	Verrier	1 
..JDans	..DAns	1 
Mare,	Mare,	1 
Colarreprésentoit	Colarreprésentait	1 
dEpinai,	dEssina,	1 
Salaberfi.	Salaberry.	1 
sceurs	soeurs	1 
Franceuil.	Franceuil.	1 
Courtisanne	Courtisane	1 
reconnoît	reconnaît	10 
courtisanne	courtisane	3 
Ruette,	Rette,	1 
atte,	acte,	2 
sourdement	lourdement	3 
Roussiau	Rousseau	1 
l'Arcbevêque,	l'Archevêque,	1 
Trinquants	Linquants	1 
Meti.	Mati.	1 
C'ette	C'ette	1 
Palissot	Palisson	5 
Livor	Livr	1 
dixft	dixit	1 
Hunc	Hunt	1 
plik	pli	1 
rechauffé	chauffé	1 
vouloit	voulait	14 
foible.	faible.	2 
répentir	résentir	1 
pi.ece	pi.ece	1 
puifer	puiser	1 
sbn	son	1 
Chalotais.	Chablais.	1 
attuelle	actuelle	1 
dessilleront	dessilleront	1 
siaroit	saurait	1 
Chalotais	Chablais	4 
Diogene	Digne	2 
esTaye	esSaye	1 
conreil.	conseil.	1 
vouloit	voulait	14 
confenil:	conseil:	1 
Phijloire	Phijloire	1 
Czar	Car	1 
Czar,	Car,	1 
logi.	loi.	1 
laissoit	laissait	2 
perfécution	perfécution	1 
essuye.	essaye.	1 
foit	fait	7 
devoit	devait	27 
respea.	reste.	1 
l'entretenoit	l'entretenait	1 
longtems;	longtemps;	1 
&.ique	&.ique	1 
Tuilleries	Tuileries	3 
plaisans	plaisant	3 
c'étoit	c'étoit	14 
L'affluenee	L'affluence	1 
l'Aste	l'Aste	2 
Miere	Mire	6 
s'apperçoit	s'apperçoit	4 
trisse	trise	1 
Judit.	Audit.	2 
Hifloire	Histoire	3 
n'auroit	n'aurait	6 
fartout	partout	1 
l'exaftitude	l'exactitude	1 
Lemiere)	Lemire)	1 
cefsent	cessent	1 
impertinemment.	pertinemment.	1 
Lemiere	Lemire	2 
s'elt	s'est	1 
paffé	affé	4 
Diogene	Digne	2 
àttendre,	àattendre,	1 
sauroit	saurait	2 
sacrjfi.	sacrifi.	1 
asfurances,	assurances,	1 
longtems	longtemps	35 
beaume	beauce	1 
odtroyer	octroyer	1 
iyivement	vivement	1 
auroit	aurait	24 
pourroit	pourrait	22 
dadit.	dait.	1 
Equestre	Questre	1 
Vautres	Autres	1 
devoient	devient	6 
Tes'ôrdres.	Tes'ôordres.	1 
appateil	appareil	1 
.ignoje	.ignore	1 
Demetrms,	Demeures,	1 
Statyra,	Statuer,	1 
d'Ephese...	d'Penses...	1 
paroissant	paraissant	2 
reconnoissance	reconnaissance	4 
L'Ackeur	L'Acteur	1 
rcçu	rcçu	1 
légéreté,	légéreté,	1 
absorberoit	absorberoit	1 
augmenteroit	augmenterait	1 
mettroit	mettrait	2 
engagemens,	engagement,	1 
laisseroit	laisserait	2 
Patrio.	Patrie.	1 
rabeau,	rameau,	1 
Rouflel3	Roule3	1 
Afteurs	Acteurs	3 
pourant	pourtant	1 
pasTé.	pasTé.	1 
suprimé	supprimé	1 
devoit	devait	27 
clôre	clôre	2 
recrioit	curiosit	1 
concevoit	concevoir	1 
laissoit	laissait	2 
aijè	aisè	1 
l'attrice	l'actrice	1 
Thuilleries,	Tuileries,	1 
d'Ottobre.	d'Octobre.	1 
formoit	formait	2 
gfand	grand	1 
finetTe	ginetTe	1 
dudil.	dudit.	1 
paffé	affé	4 
contradidion	contradiction	1 
discu*	discr*	1 
exattement	exactement	1 
paralogis.	paralogis.	1 
confer-ver	confr-ver	1 
lesr	les	1 
Déisies,	Déisis,	1 
paroître,	paroître,	1 
sentimens.	sentiment.	2 
portoit	portait	1 
..çonnoit.	..çonnait.	1 
doutoit	doutait	1 
mettroient	mettraient	1 
avôient	avôient	1 
offroit	offrait	2 
rabaisse	abaisse	1 
retonnoi	bretonne	1 
talens.	talent.	5 
contri.	contre.	3 
longtems	longtemps	35 
Moliere	Moire	2 
connois	connais	5 
auroit	aurait	24 
pourroient	pourraient	2 
disputeroient	disputeront	1 
M.Palissot.	M.Palisson.	1 
devroit	devrait	3 
longtems	longtemps	35 
remerciemens	remerciement	2 
Manco	Marco	4 
Ynca	Inca	1 
Syf1:ême	Sym1:ême	1 
gueres	guerres	3 
foit	fait	7 
sourdement	lourdement	3 
Manco	Marco	4 
C'eit	C'est	1 
pourroit	pourrait	22 
enchasser	enchasser	1 
paroissent	paraissent	4 
zele	sele	15 
Zantis	Antis	1 
Ua	Ua	1 
souveràin	sauveràin	1 
reconnoissance.	reconnaissance.	2 
galans	galais	1 
conserversa	conservera	1 
Vhomme	Homme	2 
Jauvage,	Sauvage,	1 
Ismene	Sente	1 
Laujeon,	Laurent,	1 
Géliotte	Gélinotte	2 
consiant	constant	3 
Manco.	Marco.	1 
Manco	Marco	4 
changemens,	changement,	2 
jusfce,	justice,	1 
Pouvois-je	Pouvais-je	1 
J'avois	J'avais	1 
Manco	Marco	4 
aduler	adler	1 
ensorte	encore	2 
>re	>re	1 
n'avoient	n'avoient	2 
doniner	donner	1 
zele,	sele,	2 
desintéressement,	devintéressement,	1 
préllderont	prédevront	1 
Etrangères,	Etrangères,	2 
i'Etat	i'Etat	1 
Syfiême	Safiême	1 
impresfioD,	impressioN,	1 
diftinftion	distinction	1 
pn	pn	1 
aifés	aifés	1 
E-queste	E-questre	1 
auroit	aurait	24 
Ludovitt	Ludovic	1 
Principi,	Principe,	1 
Mosam,	Mosa,	1 
jRbenum	rEndum	1 
armis	armes	1 
pietatis	privatis	1 
pubiic£	public£	1 
monumentum	monuments	1 
Aediles	Angeles	1 
posuerunt	postulent	1 
]'aftion	]'action	1 
devoit	devait	27 
Dimin.	Domin.	1 
représentoit	représentait	2 
s'embrasoit	s'embrassait	1 
consumoit	construit	1 
s'élevoit	s'élevait	1 
ha-r	ha-r	1 
l'architeéte	l'archiveéte	1 
der-r	der-r	1 
reparoître	reparaître	2 
jenî	jenî	1 
satisfaétion	satisfaitétion	1 
Vese	Ves	1 
selJ	sel	1 
talens.;	talent.;	1 
séveres	sévers	3 
illuftre^a	illustre^a	1 
SeUes	SeUls	1 
vivoit,	vivait,	1 
PAngtois	PAntois	1 
spe&acle	spe&cle	3 
aftrice	actrice	1 
applaudissemens	applaudissements	8 
chore.	chose.	1 
vuide	vide	5 
MadlIe.	MaddIe.	1 
prisonpier	prisonnier	1 
l'Evêché	l'Evêché	1 
"Monàrque	"Monàque	1 
foit	fait	7 
voudrois	voudrais	2 
fuis	fois	7 
feroit	feront	8 
prendrois:	prendrons:	1 
prendriez	prendriez	1 
Bergere	Berger	3 
cbampr.	camp.	1 
Tacoriet,	Tabouret,	1 
Zephir	Empire	1 
desiiv	destin	1 
Gueiin	Guerin	1 
foible	faible	7 
appas.	appos.	1 
EFeux	FEux	1 
PoEte	PoRte	1 
îâit	îâit	1 
l'avanture	l'aventure	3 
Malàgrida.	Malàgrid.	1 
catastro.	castro.	1 
Syfîême	Symîême	1 
Cbev.	Crev.	1 
le&ure	le&ure	1 
Légiflation:	Législation:	1 
refutation	refutation	1 
juditieuse	judicieuse	1 
raisbnnée.	raisonnée.	1 
devoit	devait	27 
Conteil.	Conseil.	1 
scriblers.	schreiber.	1 
pourroit	pourrait	22 
pafser	passer	1 
Edits.	Dits.	1 
laiHant	laiHant	1 
gaîté,	gaîté,	1 
filouté	filouté	1 
cel..	cel..	1 
voudroit	voudrait	5 
vuide.	vide.	1 
connoissoit	connaissait	3 
zele	sele	15 
grisette	regrette	1 
plattes	plantes	1 
yoir	voir	1 
feroit	feront	8 
parottre	projette	1 
ignorans,	ignorant,	1 
raisonneurs,	prisonniers,	1 
avantures	aventures	4 
impertinences,	impertinence,	1 
tems-	tems-	1 
saus	sous	1 
retranchemens	retranchements	2 
affeeté	affecté	1 
l'impudence	l'imprudence	1 
malicieysement	malicieysement	1 
lebute	rebute	1 
giois	gions	1 
Voise-	Voie-	1 
oppofée	opposée	1 
par-J'invention	par-J'invention	1 
Pezai.	Rezai.	1 
proteetion.	protection.	1 
lifications	cifications	1 
l'aflemblée	l'assemblée	1 
pourroit	pourrait	22 
devoit	devait	27 
Môiiers,	Môtiers,	1 
jdu	du	1 
Phar-[aie	Par-[aie	1 
J'auteur	J'auteur	1 
Sçavans	Sçavans	2 
Etrangeres,	Etrangeres,	2 
mésintelligencè	méintelligenceè	1 
Compiegne:	Compagnie:	1 
visoit	visit	1 
connoissoit	connaissait	3 
paru;	paru;	1 
Cbartreux,	Chartreux,	1 
existans.	existant.	1 
d'Ef1:ampes	d'En1:alpes	1 
Vandi,une	Vandi,une	1 
héritieres,	héritiers,	1 
esfroyable	effroyable	1 
falloit	fallait	10 
pouvoit	pouvoir	7 
falloit	fallait	10 
Miniltre	Ministre	1 
improuve	prouver	2 
TArxêt	TArdêt	1 
leûure,	leûure,	1 
affec.	affect.	2 
disférentes,	différentes,	1 
Bissy	Bussy	4 
;Qn	;En	1 
Paflorale	Pastorale	1 
Diocese	Dispose	1 
fondions	fonction	1 
l'Edu.	l'Edu.	1 
siecles	siecle	1 
modesse	modeste	1 
jalou'	jaloux'	1 
Ilin.	Clin.	1 
strudion	strudion	1 
l'ex-istence	l'ex-sistence	1 
Magiitrats	Magistrats	1 
rejetter	rejette	1 
-cremens,	-clemens,	1 
magi.	mai.	1 
ighorans	migrants	1 
Requisitoire	Quisitoire	3 
ûecie	ûcie	1 
lumieres	lumieres	1 
c'asseries'	c'services'	1 
excitera	exciter	1 
dussent	duisent	1 
connois	connais	5 
dars	dars	1 
sois	sois	3 
J'Inoeulation	J'Inoculation	1 
défirasie	déeurasie	1 
touchassent	touchaient	1 
protégez	protégez	1 
fripons,	fripons,	1 
cexrainçment.,	certainsçment.,	1 
4îii*feker	4îii*fever	1 
sentimens	sentiment	4 
diété	diété	1 
Roulleau,	Rouleau,	1 
piaisanterie	plaisanterie	1 
ftyte	cette	1 
toujqurs	toujours	1 
doure	doute	1 
Diogene.	Digne.	1 
Cotât	Cotât	1 
Bifff,	Biff,	1 
-Copte	-Copte	1 
jecrois	crois	1 
fujeb	sujet	1 
sourdement.	lourdement.	1 
vaudrois	vaudois	1 
requisitoire	quisitoire	2 
contens	contenu	1 
d'Jymon,	d'Aymon,	1 
figne	ligne	1 
talens,	talent,	4 
valoit	valoir	2 
avoic	avoir	1 
cherchoient	cherchaient	1 
faudroit	faudrait	5 
démontrerai	démontrera	1 
cremens,	clemens,	1 
raisonnemens.	raisonnement.	2 
J'eus	J'eus	1 
alliez	allez	1 
carosse,	crosse,	2 
l'entouroient,	l'entouraient,	1 
distinguerent,	distinguent,	1 
misere.	miser.	1 
joignîtes	loignîtes	1 
saviez	saviez	1 
venois	venons	1 
^ue	^ue	1 
j'étois	j'étois	1 
vous-viendriez	vous-tiendriez	1 
voulois,	vouloir,	1 
n'ài	n'ài	1 
j'avois	j'avais	1 
pusse	passe	1 
Bissy,	Bussy,	1 
pervets	pervers	1 
Bissy	Bussy	4 
craignis	craignis	1 
voyois	voyons	1 
parloit	parlait	3 
cherchois	cherchons	1 
momens	moment	2 
secretg	secret	1 
suiets.	sujets.	1 
quifitoire	quisitoire	1 
requisitoire	quisitoire	2 
m'attaqueroit	m'attaqueront	1 
devrois	devrons	1 
Par-Jement,	Par-Rement,	1 
chambles	chambres	1 
consacraffent	consacraffent	1 
puniroit.	uniront.	1 
poùrroit	poùdroit	1 
qucla	ucla	1 
crioit	croit	1 
l'ulage	l'usage	1 
Noailtes,	Noailles,	1 
feroient	feraient	1 
Remmrânces	Remmrâces	1 
Edits&	Dits&	1 
enrégistrée	enrégisteée	1 
paroissent	paraissent	4 
soumissoin	soumission	1 
plue	plue	1 
Cbqflètfrs	Cibleètirs	1 
Laitiere	Laitiers	1 
d'ariettes:	d'artistes:	1 
Duni,	Dun,	1 
d'Anseaume.	d'Anselme.	2 
regatdoit	regardait	1 
fiait	fiait	1 
puiflfe	pouille	1 
Harlay,	Harley,	1 
lavoir	lavoir	1 
devoit	devait	27 
falloit	fallait	10 
satisfaic	satisfait	1 
.timen.t	.timent.t	1 
savoit	savoit	2 
l'exposcr	l'exposer	1 
zettes.	dettes.	1 
portoit,	portait,	1 
c'étoit	c'étoit	14 
devoit	devait	27 
solliçitation	solliçstation	1 
foiblesse	faiblesse	4 
Bastillé,	Bastilleé,	1 
Lièutenant	Liètenant	1 
eotte	motte	1 
d'ArgeDibn;	d'ArgeNtin;	1 
c'elt,	c'est,	1 
f1xeurs	f1leurs	1 
Unïverfèlk	Unïversèl	1 
paflfé	paulé	1 
événemens	événement	3 
erronnée.	erronée.	1 
,dadit.	,dait.	1 
curieufie.}	curieuse.}	1 
douzieme	douzaine	1 
VAnglois	LAnglois	1 
Atteurs	Acteurs	2 
extogé*	exogé*	1 
Baljet.du	Ballet.du	1 
completter	completter	1 
Colleftion	Collection	1 
faudroit	faudrait	5 
reception	reception	1 
Lettrè	Lettrè	1 
Harlay	Harley	1 
distfaire	distraire	1 
qut	que	1 
distinétion,	destinétion,	1 
ert;	ert;	1 
deint-	dent-	1 
defe-maison	def-maison	1 
Harlay^,	Harley^,	1 
paroît,	paroît,	4 
faudroit,	faudrait,	1 
connoissances	connaissances	4 
tadt,	tait,	1 
Dumefml	Duhamel	1 
allarmée.	alarmée.	1 
devoit	devait	27 
jes;	jes;	1 
tauche	gauche	1 
Fauxbourg	Faubourg	1 
Labbat	Sabbat	1 
stache...	tache...	1 
Dana	Dana	1 
regnes	rennes	1 
précédens	précédent	1 
persécuteat	persécutent	1 
oppriment	expriment	1 
sennon,	lennon,	1 
imprudens,,	imprudent,,	1 
foit	fait	7 
pourroient-ils	pourraient-ils	1 
accroire	accroitre	1 
Angloi:	Anglo:	1 
parodiste.	paroisse.	1 
connoisseur	connaisseur	1 
reconnoît	reconnaît	10 
pulssante	puissante	1 
affoiblissent	affoiblissent	1 
pré-fente	pré-fente	1 
aspefts.....	aspects.....	1 
perssonne.	personne.	1 
ee-	ee-	1 
pe«t	pe«t	1 
intéresfer	intéresser	2 
Réli-	Réli-	1 
îU	îU	1 
gÍon,	gÍon,	1 
Catbégories	Catégories	1 
enrégistrée;&	enrégisteée;&	1 
ployerez	employer	1 
fceur	fleur	1 
fcrupu-	cruaut-	1 
tnnt	tant	1 
ordonnerez	coordonner	1 
nobi;	obi;	1 
carnem	carnet	1 
sanguinem,	sanguine,	1 
reges	reyes	1 
auroit	aurait	24 
pourroit	pourrait	22 
entiere	entier	1 
caillettes,	paillettes,	1 
deses-.	doses-.	1 
pourroient	pourraient	2 
redoutois	redoutois	1 
m'avoit	m'avoit	1 
Jrai	Vrai	1 
n'aiipe	n'ainsi	1 
pa$	pa$	1 
complimens,	compliment,	1 
tranquiliser	tranquiliser	1 
j'allois	j'allais	1 
partirions	partitions	1 
Bissy	Bussy	4 
connois,	connais,	1 
peir	peur	1 
ôteriez	ôseriez	1 
par-1er	par-1er	1 
aiTemblées,	asSemblées,	1 
parlât	parlât	1 
misere,	miser,	3 
apurement,	purement,	1 
n'étoit	n'étoit	11 
n'esl	n'est	1 
talens	talent	15 
blâme	blâme	1 
jisu;les	visu;les	1 
l'échaffaudage	l'échafaudage	1 
Papologie	Apologie	1 
atterrante..	attrayante..	1 
ridiclue	ridicule	1 
Vieville.	Vieille.	1 
impojition	imposition	1 
improuve	prouver	2 
Forbonnais;	Bourbonnais;	1 
tems,	tems,	5 
rnnces,	rences,	1 
fystématique,	systématique,	1 
Saril	Baril	1 
défen.	défen.	1 
changemens.	changement.	1 
eomme	comme	1 
iadigne&	indigne&	1 
dtAcatâ-	avOcatâ-	1 
éluderoit	édetroit	1 
ioniqaes.	ioniques.	1 
patitur	partir	1 
plaignoit	plaignait	1 
Hé-	Hé-	1 
j'ordes	j'ordres	1 
Poèjtts	Poèjets	1 
baffôué	affôué	1 
difcours	discours	1 
iphilofophie	philosophie	1 
nerveuf£	nerveux£	1 
d'Eloquence	d'Loquence	2 
longI	long	1 
amere	amer	4 
sechement	seulement	1 
posies-^	postes-^	1 
Pruiïe.	Priïe.	1 
Sallon	Salon	2 
foit	fait	7 
sveltes.	svelte.	1 
ensin	enfin	2 
Mar-	Mar-	1 
Pigmaiion	Pigmaiion	1 
Falcoa.	Falcon.	1 
Sallon	Salon	2 
cannevas	cannevas	2 
Audray.	Audrey.	1 
vouloit	voulait	14 
Prevôt	Revôt	3 
Bachaumont	Chaumont	2 
consé:qucmment	consé:quemment	1 
Prevôt	Revôt	3 
chands,	chants,	1 
reparoît	reparaît	3 
Etonne	Tonne	1 
Caloyer	Chaleur	1 
Grsc	Grec	1 
R.ouHeau:	R.noUveau:	1 
DG	DG	1 
soupçonher	soupçonner	1 
sone	sone	1 
lamités	limités	1 
Parlemens	Parlement	3 
retranchemens	retranchements	2 
encoie	encore	1 
ferott	feront	1 
iuterdire	interdire	1 
Parlemens	Parlement	3 
Iiberté	Liberté	1 
sentimens	sentiment	4 
Heraclius	Raclius	1 
Rodogune.	Prologue.	1 
premie.	premier.	1 
dexniere,	derniere,	1 
paroît.	paroît.	1 
refuter	refuser	2 
ityle,	style,	1 
parallelle	parallelle	1 
Sartines,	Sartines,	1 
changemens	changement	3 
l'espéroit	l'espérait	1 
changemens	changement	3 
devoit	devait	27 
Compiege,	Complexe,	1 
chcf.d'œuvre	chef.d'œuvre	1 
Grfl.	Gral.	1 
prosite	profite	1 
Poccasion	Occasion	1 
paroîc	paroîc	2 
séuls	séils	1 
-louver	-louvre	1 
Magi.	Mai.	1 
tempere,	tampere,	1 
Rouileau.	Rouleau.	1 
plùs	plùs	1 
paro,	paro,	1 
attion,	action,	1 
cceur	coeur	1 
aisancc	aisance	1 
Georgiques	Organiques	1 
dt¿	dt¿	1 
riante	rante	1 
inceITamment	inceSSamment	1 
l'Anglois,	l'Anglois,	3 
t-iré.	t-iré.	1 
Gilbîas.	Gillîas.	1 
aqte	acte	1 
infidele.	infiltre.	1 
costhume,	costume,	1 
db,	db,	1 
tems-là.	tems-là.	2 
retorque	remorque	1 
paroissent	paraissent	4 
;cc	;cc	1 
valoit	valoir	2 
marets,	markets,	1 
traita	traita	1 
Des-marets,	Des-mares,	1 
RL	RL	1 
talens,	talent,	4 
Palissot	Palisson	5 
devoit	devait	27 
lr.	lr.	1 
libremçQLd	libreçOLd	1 
l'Anglois,	l'Anglois,	3 
vieieux	vicieux	1 
contextu.	contexte.	1 
paroîc	paroîc	2 
reconnoissance	reconnaissance	4 
merveillcusement	merveilleusement	1 
poffible*	possible*	1 
auroit	aurait	24 
Bullionde,	Bullition,	1 
tems;	tems;	1 
]a	]a	1 
dioeres	diocres	1 
très-briU	très-bri	1 
Diamans	Diamant	1 
Miere	Mire	6 
paroîtra	paroîtra	3 
Brothier,	Brother,	1 
Anglpis,	Anglais,	1 
Brothier	Brother	1 
connoissance	connaissance	1 
restristions.	restrictions.	1 
longtems.	longtemps.	4 
Comiques,	Comiques,	1 
parodiste	paroisse	1 
ttAmtte	caMatte	1 
qu'elIe-'n'y	qu'elLe-'n'y	1 
Thuilleries	Tuileries	1 
d'ceil	d'oeil	1 
sauroit	saurait	2 
incidcns	incident	1 
Ç,,ntiment..	Ç,,timent..	1 
dudtt.	dudit.	2 
Vhomme	Homme	2 
Parvé,	Paré,	1 
invideo,	invite,	1 
jine	mine	1 
excellen.	excellent.	1 
connoissances	connaissances	4 
connoieraient	connoieraient	1 
statin	station	1 
Pigale	Cigale	3 
arrosez	arroser	1 
letaz-vous	letat-vous	1 
connoissez	connaissez	1 
psaisant	plaisant	1 
Demolselle	Demoiselle	1 
paroissoit	paraissait	4 
n'ejt	n'est	1 
qn'il	qu'il	1 
milirai.	millier.	1 
sient	sident	1 
reconnoît	reconnaît	10 
étburderie.	étburderie.	1 
n'étoit	n'étoit	11 
Sallon.	Salon.	1 
paroissoit	paraissait	4 
Gra„	Gra„	1 
Lucinde,	Lucide,	1 
Lucinde	Lucide	1 
elleque	quelque	1 
dictes	dites	1 
lolx	lol	1 
foit	fait	7 
reconnoître	reconnaître	2 
d'Oligny,	d'Origny,	1 
xôle	xôle	1 
l'essain	l'essai	1 
t'écriroient	t'écroient	1 
voulois	vouloir	1 
.ifaudroit	.faudrait	1 
printems.	printemps.	1 
Lucinde!	Lucide!	1 
n'as	n'as	1 
malheul	malheur	1 
Sartines	Sartines	2 
choilî	choixî	1 
philosôphiques.	philosôpliques.	1 
blics.	blocs.	1 
certainemen:;	certainement:;	1 
stindipn	standing	1 
philosophi..	philosophie..	1 
n'elt	n'est	1 
respnc	rence	1 
enthousias.	enthousiasm.	1 
bonnct	bonnet	1 
quarré,	quarté,	1 
phtlosophiques	philosophiques	1 
auroit	aurait	24 
connoit	connait	2 
?.C'€it	?.C'€it	1 
surtouc	surtout	1 
l'occajtôn	l'avocatôn	1 
Electeur	Lecteur	1 
chérissez	chérisse	1 
modete,	modeste,	1 
infidele?	infiltre?	1 
univer(elle	univers(elle	1 
Bourlet	Boulet	1 
Vauxelles	Vauxelles	1 
Sorbonné	Sorbonneé	1 
casionde	occasion	1 
retiroit	retirait	1 
trisses	tresses	1 
véhemens.	véhelens.	1 
Jérermie	Jétermin	1 
magiilrat	magistrat	1 
traduiloît.	traduitît.	1 
Cannieres	Chantiers	1 
isit.	sit.	1 
surprenans.	surprenant.	1 
Pavoit	Pavot	1 
dudt*t.	duit*t.	1 
Edits	Dits	1 
enrégistrement.	enréinstrument.	1 
Pa-	Pa-	1 
tJerford,	tRafford,	1 
Arabassadeur	Ambassadeur	1 
Bieron	Biron	1 
spedtacle	spectacle	1 
intéressans.	intéressant.	2 
plusféurs	pluséurs	1 
modeles	modules	2 
iltusion	illusion	1 
plusteurs	plusieurs	1 
ouvriere	ouvriers	1 
devroit	devrait	3 
Harne	Marne	1 
D'ieux!	D'eux!	1 
flaire	flaire	1 
efprft	effet	1 
cesseroit	cesseront	1 
Bergere	Berger	3 
travailloit	travaillait	4 
Miere	Mire	6 
Noblessè	Noblesseè	1 
d'^rcq,	d'^rc,	1 
Forbonnais	Bourbonnais	1 
Conridé.	Considé.	1 
découyerte	découverte	1 
mesaventure	saventure	1 
biantbe.	vivante.	1 
efpéxer	efpérer	1 
aule	aile	1 
Hifloire	Histoire	3 
cpntinue	continue	1 
Parle-binent,	Parle-bient,	1 
prpmettant	promettant	1 
Ç/4dn	Ç/4dn	1 
Moriiere.	Modifier.	1 
Etonnement	Tonnement	1 
njet	net	1 
sourdement,	lourdement,	2 
pro-i	pro-i	1 
détermi-j	détermin-j	1 
.préscntc	.présent	1 
pofleur,	couleur,	1 
faút	faút	1 
ijeune	jeune	1 
îavoit	îavoit	1 
reconnoît	reconnaît	10 
emprisonaé	emprisonné	1 
pren.	prend.	1 
talens	talent	15 
particuliere	particulier	2 
devoit	devait	27 
vivans	vivant	2 
l'Evéque	l'Evéque	1 
refuter	refuser	2 
Instrustion	Instruction	1 
d'Ayen.	d'Amen.	1 
intrin-	intrins-	1 
seque	sique	1 
d'esprifc	d'esprit	1 
courtilans.	courtisans.	1 
l'Eloge	l'Eloge	4 
Physieien	Physicien	1 
leéture	leéture	1 
cbanger	changer	1 
ornemens,	ornements,	1 
juftfié,	suffité,	1 
suivans	suivant	1 
Scriblers.	Schreiber.	1 
grondez-vous	gronde-vous	1 
inquiette?	tiquette?	1 
refpett	respect	1 
Etle	Etle	1 
!es*enchantez,	!es*enchante,	1 
Ow	On	1 
flattez	flatter	1 
paroîtra	paroîtra	3 
RD-	RD-	1 
connoissons	connaissons	2 
monumens	monuments	4 
mimens	cimens	1 
en-Itre	en-Tre	1 
monumens	monuments	4 
bufe	bute	1 
monumens	monuments	4 
bistorique	historique	1 
Passionnei.	Passionne.	1 
c'étoit	c'étoit	14 
funebre	funeste	1 
tragéclie	tragécle	1 
mufique	musique	2 
dénué	dénué	3 
qù'y	qù'y	1 
Homere	Homer	1 
qu'il/audra	qu'il/faudra	1 
fu,,	fu,,	1 
Exemplai„	Exemple„	1 
allarmé	allardé	1 
mouvemens	mouvement	2 
Criti„	Crit„	1 
cren	cran	1 
justisier	justifier	2 
l'Oedipe	l'Equipe	1 
Dancour.	Cancour.	1 
saccès	saccès	1 
Cbinois	Chinois	1 
Mempbis	Memphis	1 
décheoir.	déchoir.	1 
Evsque	Vesque	1 
Aletopo-Us	Alberto-Us	1 
pnftorale	pastorale	1 
Gelrge,	George,	1 
Instruttion,	Instruction,	1 
4V	4V	1 
ectte	ectte	1 
Cepbi/ez	Cepbi/ez	1 
jettée	jettée	1 
Mirîistre	Mirîastre	1 
inltances	instances	1 
fuis	fois	7 
gueuse,	gueule,	1 
d'ua	d'ua	1 
cardeur	ardeur	1 
afsiché	affiché	1 
souffrlras	souffrira	1 
longtems	longtemps	35 
desavoué	dessousé	1 
balançoient	balançaient	1 
talens	talent	15 
Mazarelli,	Marcellin,	1 
courtisanne	courtisane	3 
avantures	aventures	4 
malignité	salinité	1 
parloit	parlait	3 
Bissy	Bussy	4 
creit	crit	1 
piace	place	1 
embraie	embraie	1 
enré&istré	enré&istré	1 
Réglemens	Réglement	1 
recueillons	recueillis	1 
estfils	estival	1 
Asseliay	Asselin	1 
comine	domine	1 
concernoit,	concernait,	1 
pouvoit	pouvoir	7 
pupile,	pupille,	1 
l'Evêque:	l'Evêque:	1 
longtems	longtemps	35 
imagi*	image*	1 
ducfit.	duit.	1 
Quakre	Quatre	2 
Epitre.	Pitre.	1 
plaifant.	plaisant.	1 
parleroit	parlerait	1 
remplissoit	remplissait	1 
Quakre	Quatre	2 
satisfac.	satisfait.	1 
méritoit	méritait	3 
lelles	elles	1 
Hollandois	Hollandais	1 
Parlemens	Parlement	3 
considérablçs.	considérableçs.	1 
célcbre	célibre	1 
Relwè	Relè	1 
datis	davis	1 
d'tme	d'tre	1 
4itre	4tre	1 
estamps	estampes	1 
gèmeufe	gèmeuse	1 
financiere	financiers	1 
amere,	amer,	2 
!ultifier	!utiliser	1 
dénué	dénué	3 
sorme	forme	1 
fubli-	publi-	1 
parort	parrot	1 
débitera	débutera	1 
avoit,	avoit,	1 
spe&acle	spe&cle	3 
l'Evêque,	l'Evêque,	1 
misere,	miser,	3 
s'écrie-t-	s'érie-t-	1 
l'avise	l'avise	1 
couchera	coucher	1 
s'écrie	s'écrie	1 
Miniitre	Ministre	1 
c'e:st	c'e:st	1 
représentoit	représentait	2 
s'at-	s'at-	1 
Miniflre	Ministre	1 
justisier	justifier	2 
c'étoit	c'étoit	14 
dti	dit	1 
verroit	verront	3 
Sartines	Sartines	2 
-Freron	-Freron	1 
récriminant	réterminant	1 
risibles	visibles	2 
avei	avec	1 
sotit	soit	1 
confonde,.	confondre,.	1 
dt-	dt-	1 
allarme,	alarme,	1 
n'eft-	n'est-	1 
connois	connais	5 
qu'eA	qu'eA	1 
Bostangi	Rostaing	1 
flçutir,	flçtir,	1 
Uappejle,	Appelle,	1 
Sarsal	Sarsal	1 
Entreteneùr''.	Entretenuùr''.	1 
Paiguillon	Aiguillon	1 
appas	appos	1 
bairer	baiser	1 
Cythere	Cherche	1 
t'ennuyera	t'ennuyer	1 
t'enrichit	t'enrichit	1 
accens	accent	2 
talens	talent	15 
foiblesses	faiblesses	1 
desirs,	desire,	1 
plaiilrs.	plaisir.	1 
d'Eon	d'En	1 
vouloit	voulait	14 
d'Eon,	d'En,	1 
Petcrsbourg.	Petersbourg.	1 
sioua	sioux	1 
pouvoient	pouvaient	2 
penûon	penûon	1 
Hali.	Mali.	1 
teaioit	tenait	1 
hoateuse,	honteuse,	1 
néceiIaite.	néciaListe.	1 
inteyporer	interposer	1 
M.d'Eon	M.d'En	1 
Je'	Je'	1 
asyle.	asile.	1 
exigeoit	exigeait	1 
auroit	aurait	24 
tiès	tiès	1 
cCDsacré,	cONsacré,	1 
foiblesse	faiblesse	4 
Tefprit	Esprit	1 
dif..	dif..	1 
syftêmcs	systêmcs	1 
quq	que	1 
foible	faible	7 
dt)	dt)	1 
Marsais	Marais	1 
Agréableil	Agréable	1 
couroit	courait	1 
BayJe,	BayLe,	1 
Evêques,	Evêques,	2 
cede	cide	4 
lloit	soit	1 
Ediles	Diles	1 
Consule,	Consult,	1 
Etoient	Toient	1 
chainese,	chaines,	1 
nal1roient	nal1soient	1 
jouoient	jouaient	1 
sournit	fournit	1 
Zéphirs	Zépairs	1 
ta,patrie..	ta,patrie..	1 
briUant	briSant	1 
Dftétamorpbofcs,:	Ditétamorpbofcs,:	1 
figuer	figure	1 
rofos^	rofos^	1 
Dieu,,q4i	Dieu,,q4i	1 
desrplus	surplus	1 
ivrcffes,r	divorces,r	1 
voe*uxt	voe*ext	1 
titn-c»guedléu,±	tien-c»guedléu,±	1 
beay'.tmjfr	beau'.major	1 
jfcuîje,	jourîje,	1 
J^LCÛX	J^LEÛX	1 
céîeste	céîest	1 
bourgeoiûe,	bourgeoisûe,	1 
s'ennuye	s'ennuie	1 
Tandîs	Tantîs	1 
C'tst-là	C'est-là	1 
Psycbé,	Psyché,	1 
cœuj'	cœuj'	1 
nut.	fut.	1 
TbaHè	Bahè	1 
touchans	touchant	2 
contens,	contenu,	1 
Lorsqu'oa	Lorsqu'oa	1 
aprêt	aprêt	1 
vigux	vieux	1 
dupés	dupés	1 
bion	bion	1 
proscris	proscrit	1 
imposans,	imposant,	1 
Qu'ombragent	Qu'tombaient	1 
sestons	restons	1 
gaité	gaité	1 
Hebé	Webé	1 
sàns	sàns	2 
Quellfc	Quelle	1 
votomé.	votoé.	1 
feroit	feront	8 
indisférence	indifférence	1 
Jaques	Jaques	1 
RouiTeau	ProdUite	1 
maîtrer	maîtrer	1 
vouloit	voulait	14 
S'étoient	S'étoient	1 
avili^gour	avila^gour	1 
sugitif	fugitif	1 
Sçut	Sçut	1 
devoit	devait	27 
échafauds	échafaud	1 
Turcaret.	Bucarest.	1 
picce	pince	2 
irabie	arabie	1 
Lotidroi,	Lotidroi,	1 
piecé	piedé	1 
entr'eux:	entr'eux:	1 
Chancelleriez	Chancellerie	1 
pourroit	pourrait	22 
erprit	esprit	1 
simare	simard	1 
apperçut	apperçut	1 
d'Ayenx	d'Yeux	1 
(ditil)	(dutil)	1 
fauvé	fauté	1 
calanej.	balance.	1 
chaumiere	chalutier	1 
moibs,	moins,	1 
regaide.	regarde.	1 
viendrez	vendredi	1 
Laverdy	Laverdy	1 
D'Etrées	D'Entrées	1 
sendit	rendit	1 
)oujours	)toujours	1 
chere.,,	cher.,,	1 
CoBseil,	CoNseil,	1 
sront	sont	1 
refusoit	refusait	1 
coudoyant	coudoyant	1 
Puyjieux,	Pluvieux,	1 
Appoitoit	Apportait	1 
Hnstant,	Instant,	1 
fon^GompIiment	fon^CompLiment	1 
eonter-fleurette.	monter-fleurette.	1 
Lugeac,	Luge,	1 
pour..tQute,	pour..tOute,	1 
Prusiïefctie	Prusiïpetite	1 
fact;	fact;	1 
infeaez	infecte	1 
l'Etable.	l'Table.	1 
Ecumant	Ecumant	1 
colora	color	1 
Lugeac	Luge	1 
~Breban	~Braban	1 
Approchez-vousV	Approchez-vous	1 
leut-	leur-	1 
sournis,	souris,	2 
fuis	fois	7 
Tans	Tans	1 
d'importançe	d'importantçe	1 
morsondre	morsondre	1 
ma&re	ma&re	1 
josepb,	joseph,	1 
effroyablui	effroyable	1 
J'Etable.	J'Table.	1 
trompoit	trompait	1 
Pfep,:_lÇtiylll'.	Pep,:_lÇidylle'.	1 
