forme_erronée,forme_correcte
EXCORI»0MS,EXCURSIONS
-/>ie,Die
,-Ç-HEZ,CHEZ
,lc,Je
;l),1)
?crit,écrit
.’erres,terres
.\insi,Ainsi
.\risto(,Aristot
.\ristOl,Aristot
.\thènes,Athènes
.Alusée,Musée
.ijoulcr,ajouter
.ilialtait,abbatait
.inlliol,Anthol
.l'ni,J’ai
.loannès,Ioannès
.Mexandre,Alexandre
.Te,Je
.Vristote,Aristote
erres,terres
i'hésée,Thésée
J'afel,Tafel
«•onsidère,considère
«ivSisaltioDS,civilisations
«jue,que
«le,de
«les,des
«leux,deux
«pie,que
(;onsacrer,consacrer
(?dilice,édifice
(.Umee,(Musée
('-levées,élevées
('.elle,Cette
('(‘Ile,cette
('dèves,élèves
('Ile,elle
('J'afel,(Tafel
('ssnve,essaye
((ue,que
()n,On
([u'il,qu’il
([ualilés,qualités
([ue,que
([ui,qui
(]u'ils,qu’ils
(]ui,qui
(}ymnastik,Gymnastik
(•onsacré,consacré
(|n'un,qu’un
(|u'il,qu’il
(|u'on,qu’on
(|u’il,qu’il
(|u"il,qu’il
(|u"on,qu’on
(|uc,que
(|ue,que
(|uelle,quelle
(|ui,qui
(►as,pas
(cxle,texte
(Ditteubergcr,(Dittenberger
(dles,elles
(emps,temps
(erres,terres
(erres-cuites,Terres-cuites
(exles,textes
(ïig,(fig
(iirard,Girard
(iirigfé,dirigé
(Irascr,Graser
(îrascr,Graser
(irasor,Graser
(Iréau,Gréau
(Irèce,Grèce
(irecs,Grecs
(îrecs,Grecs
(ixe,fixe
(ixei-,fixer
(Jècomhre,décembre
(jiii,qui
(ju'cn,qu’en
(ju'elle,qu’elle
(ju'il,qu’il
(juaiid,quand
(juc,que
(jue,que
(Juellcs,Quelles
(Juelques,quelques-uns
(jui,qui
(jui,,qui,
(jui!let).,(juillet).
(Juichcrat,Quicherat
(l'est,c’est
(laioles,paroles
(le,de
(les,Ces
(leuzey,Heuzey
(levait,devait
(luelle,quelle
(o'i,qui
(oui,tout
(oule,toute
(pi'on,qu’on
(pi’il,qu’il
(pic,que
(pie,que
(pielcompie,quelconque
(pielque-,quelque-
(pii,qui
(pmi,quoi
(pu,qui
(pudipies-uns,Quelques-uns
(R^vue-,(Revue-
(ravail,travail
(rière,trière
(soele,(socle
(Uiltenberger,(Dittenberger
[)as,pas
[larut,parut
[MUlheilungen,Mittheilungen
])Ourrait,pourrait
])rincipaux,principaux
]\ladame,Madame
]iar,par
{\Vinckelmannsproyranim\l),(Winckelmannsprogramm II)
{jue,que
{ScAéiemaim's,(Schliemann’s
/erres,terres
/es,les
/Iftenij^,Athènes)
/trononré,prononcé
\’oir,voir
\(ius,vous
\6ni6,vérité
\ase,vase
\oir,voir
\pollon,Apollon
&ur,sur
^«ncien,ancien
^érudition,l’érudition
^ogrès,progrès
^oii,où
^our,pour
^ployee,éployée
^re,ère
^tait,était
^talds,étalés
^te,été
^tre,être
^tres,êtres
<'n,en
<«‘lle,celle
<]ne,que
<]ui,qui
</’Athènes,d’Athènes
<^enre,genre
<^ràcc,grâce
<^ràce,grâce
<|n,qu’
<|n iI,qu’il
<|ne,que
<Ies,des
<jiii,qui
<jiio,que
<jue,que
<jui,qui
<lcstiuées,destinées
<le,de
<leux,deux
<lu,du
<pie,que
<pii,qui
|)ar,par
|)as,pas
|)eul-étre,Peut-être
|)lace,place
|)lns,plus
|)lus,plus
|)olaiiiie,potamie
|)rocédé,procédé
|>,is,pas
|>ennellaul,permettent
|Bicu^§ioNS,Excursions
|ioinl,point
$>ouvenirs,souvenirs
€tres,êtres
1’Ksl,l’Est
6t6,été
6x6,été
8chwegler,Schwegler
8TATUBB,STATUES
8TATUBS,STATUES
8ur,Sur
â,à
Â,à
a-ait,avait
a-l-elle,a-t-elle
A'ases,vases
A'ivent,vivent
a\ail,avait
a\ait,avait
a\oir,avoir
à^^e,âge
Abacns,Abacus
ABCHÉOLOGIOU^,ARCHÉOLOGIQUES
ac/iats,achats
Academie,Académie
academie,Académie
Acale,Attale
accepler,accepter
Accordees,accordées
accrois« sements.,accroissements.
Achilte,Achille
Achitle,Achille
Achitte,Achille
ACIËNCKS,SCIENCES
aciivenieni,activement
acJiats,achats
Acjriculturc,Agriculture
Ackéménides,Achéménides
aclion,action
acqué- rir,acquérir
acqué^rir,acquérir
ad/nirateurs,admirateurs
admelfre,admettre
adnu'ré,admiré
Aeheloos,Acheloos
Afar/a.iin,Magasin
afi'aire,affaire
afsaire,affaire
Ahènes,Athènes
ahsolumenl,absolument
Ai-oir,avoir
aiclieolo-,archéolo-
aicnl,aient
aienl,aient
AIICIIKÔLOliUliS,ARCHÉOLOGUES
aîle,aile
aîles,ailes
àine,âme
âINTRODUCTION,INTRODUCTION
airni's,aimés
aitées,ailées
àl'emplacement,à l'emplacement
àla,à la
Àla,à la
àLa,à la
Alcssanâro,Alessandro
Alcxandros,Alexandros
aleméonides,Alcméonides
Alhen,Athen
Alhener,Athener
Alhi'ua,Athéna
Aliiéniens,Athéniens
allachées,attachées
allaebé,attaché
allcndail,attendait
alle,allé
Alle,Allé
allemandecroitavoirretrouvé,de,allemande croit avoir retrouvé, de
Allerlh,Alterth
Alliénée,Athénée
Allique,Attique
allribulions,attributions
allrihué,attribué
altar- piece,altarpiece
amateui',amateur
amends,amenés
ami'iier,amener
amiliè,amitié
an-d('ssus,au-dessus
analogie»,analogies
ANCIKN,ANCIEN
Anfènge,Anfänge
ANGIEN,ANCIEN
angmenlnnl,augmentant
Aniiq,Antiq
animde,animée
anli'niilén,antiquités
Anliqnae,Antiquae
Anllwl,Anthol
anlres,autres
AnnoUi,Annalli
anntîes,années
anruieul,auraient
anti(|uaii-es,antiquaires
anti(jue,antique
Anticyrc,Anticyre
antif/uités,antiquités
Antlml,Anthol
Anxeiger,Anzeiger
aox,aux
apiès,après
appaiteiiant,appartenant
Appliqud,Appliqué
appnrliennenl,appartiennent
apporlaicul,apportaient
apporle,apporte
apprcLaient,apprétaient
approxi-mulive,approximative
Ar^ertissement,Avertissement
arbilraire,arbitraire
arc/tc'olo<^i/e,archéologue
arcbéologique,archéologique
archceologischen,archaeologischen
Archceology,Archaeology
archdologue,archéologue
ARCHÉOLOGiaUES,ARCHÉOLOGIQUES
archeologique^,archéologique
ARCHÉOU,ARCHÉOLOGIQUES
architectoni-(jue,architectonique
Arcli,Arch
arcli,arch
arclr,arch
ardeoibe,ardente
arec,avec
ÂRGHÉ0L06iQ0SS,ARCHÉOLOGIQUES
arhilraire,arbitraire
arislocratiiiuc,aristocratique
Arislote,Aristote
aristcxTatiqiK',aristocratique
Arjnes,Armes
arl,art
arlicle,article
arls,arts
ARMORlAL,ARMORIAL
arristique,artistique
artisice,artifice
ase,vase
àse,à se
Asin,afin
àSolon,à Solon
asse/,assez
assur^ment,assurément
assurénuMil,assurément
Atale,Attale
Atcale,Attale
àthènes,Athènes
ATI,AUX
atissi,aussi
Atlalides,Attalides
atlcnlion,attention
attacbe,attache
attiqiie,attique
ATTlQIIES,ATTIQUES
au- tre,autre
au- tres,autres
au. tre,autre
au.v,aux
Aufènge,Anfänge
aujoiird'hui,aujourd’hui
aulrcmcnl,autrement
aulrcs,autres
aulre,autre
aulres,autres
auoir,avoir
Auoir,avoir
auoit,avoit
Auoit,avoit
aUoit,avoit
Aur/uste^,Auguste
autet,autel
auvel,autel
auvour,autour
aux([uels,auxquels
avaienl,avaient
avail,avait
avanc^,avancé
avanl,avant
Avcllino1,Avellino 1
avee,avec
aviinl,avant
avimn,aviron
aviron#,avirons
avnil,avait
ayantordonné,ayant ordonné
ba.salte,basalte
balaille,bataille
balaille,,bataille,
balaille.,bataille.
balailles,batailles
balailles,,batailles,
balailles.,batailles.
bàlimenls,bâtiments
bàlimeul,bâtiment
bàlimrnls,bâtiments
Baltcolus,Balteolus
Baltcus,Balteus
bar-bare,barbare
bas-rcliefs,bas-reliefs
bclb's,belles
beai/coup,beaucoup
Bernix-Arts,Beaux-Arts
Bibl(!,Bible
BibLiot^KApHiF,BIBLIOGRAPHIE
BIBLIOTHfeQUE,BIBLIOTHÈQUE
bicn,bien
bîle,bile
Birschfeld,Hirschfeld
bis- tre,bistre
bislorien,historien
bisloriens,historiens
ble,blé
blennorrhagie,blennorragie
Blennorrhagie,blennorragie
blennorrHagie,blennorragie
bleuâ. tre,bleuâtre
Bliimner,Blümner
bloe,bloc
BlSmner,Blümner
Blûmiier,Blümner
BN,EN
bo:'uf,boeuf
Boeckli,Bœckh
Bœckli,Bœckh
boeuf,bœuf
Boeuf,bœuf
Boi,Roi
bonliomie,bonhomie
bordees,bordées
Britis/i,British
Brmm,Brunn
BTATUKR,STATUES
btllimenls,bâtiments
Bul/etin,Bulletin
busies,bustes
bvpolbèse,hypothèse
c esl-à-dire,c’est-à-dire
c II ères,chères
C.ampana,Campana
C.lcmenle,Clemente
c'csl,c’est
C'cst,C’est
c'esl,c’est
c'esl-à-dire,c'est-à-dire
c'esl-a-Jircdes,c’est-à-dire des
c*était,c’était
c/ioi,r,choix
c^de,cède
c6te,côte
Cabircs,Cabires
cacheltes,cachettes
Cahincl,Cabinet
caladogue,catalogue
Capilolc,Capitole
caract^re,caractère
caract^riser,caractériser
caricns,cariens
cariière,carrière
Catnpan',Campana
Cboisy,Choisy
cci^^hes,couches
cddant,cédant
cdmmande,commande
cdramistes,céramistes
céde,cédé
cède;déiîniti-,cède; définiti-
cei|tre,centre
ceil,oeil
ceilainement,certainement
celiii-ci,celui-ci
cen- tre,centre
cenlral,central
centièm(>,centième
céramiqxte,céramique
cerlams,certains
cerlilude,certitude
cerndes,cernées
cesl,c’est
cetalimentpassait,cet aliment passait
cetre,cette
cetta,cette
cha(jue,chaque
Cha(jue,Chaque
chacfue,chaque
chai-geait,chargeait
Chalde'e,Chaldée
chapi.tre,chapitre
charpenle,charpente
chefsd'oeuvre,chefs d'oeuvre
cHel,on,effet, on
chillic,chiffre
Cholera-morbus,Choléra-morbus
Cholera-Morbus,Choléra-morbus
cholera-morbus,Choléra-morbus
ci-dcssus,Ci-dessus
ciéalion,création
cii -conslances,circonstances
ciiargé,chargé
cilé,cité
cimlre-amiral,contre-amiral
Cinciuante,Cinquante
cinlaises,cimaises
CINQUltIlE,CINQUIÈME
circonscril,circonscrit
circonslances,circonstances
cireulaire,circulaire
cireulaires,circulaires
cirur,coeur
cjunIiIés,qualités
CJuny,Cluny
cl,et
Cl^ones,Cléones
clement,Clément
Clement,Clément
Cli,Ch
cli.irpenles,charpentes
clia([ue,chaque
cliacune,chacune
Cliaiton,Charton
cliapilre,chapitre
Cliarlon,Charlon
Cliaron,Charon
Cliaron,,Charon,
cliarpenle,charpente
Cliarton,Charton
cliefs-d'o'uvre,chefs-d’oeuvre
clioi.v,choix
clirétienne,chrétienne
Cliypre,Chypre
cloî- tre,cloître
cluirpente,charpente
Clytcmnes- tre,Clytemnestre
cnhi net,cabinet
cnlégorie,catégorie
cnlever,enlever
cnlrc,entre
Cnnipana,Campana
co(|uilles,coquilles
co/npagnie,compagnie
CO^TUMK,COSTUME
coifTe,coiffe
coii-lenir,contenir
coiirliées,couchées
Coiisidcj-c,considère
coiisidérnlde,considérable
coiiuiu',comme
COITE,CUITE
colé,côté
côlés,côtés
collaliorateur,collaborateur
collecti,collection
Colliguon,Collignon
collnhorait,collaborait
color^es,colorées
coloriage^,coloriage
com- mence,commence
Com« ment,Comment
combal,combat
combat- tre,combattre
comblenl,comblent
comparunt,comparant
compl^tement,complètement
complélé,complété
completement,complètement
con- tre,contre
con(|uis,conquis
concou- rir,concourir
conde,Condé
Conde,Condé
Conduoteur,Conducteur
confiaiu-e,confiance
confrèrts,confrères
coniplèlemenl,complètement
Conipte,Compte
conlmlait,contentait
conlre-amiral,contre-amiral
conlrtMe,contrôle
connaî.tre,connaître
connailre,connaitre
connuissaienl,connaissaient
consciller,conseiller
consei-\ait,conservait
conservi"',conservé
considerable,considérable
considerables,considérables
considerant,considérant
Considerant,considérant
consideration,considération
considerations,considérations
consideré,considéré
considerée,considérée
considerer,considérer
considérnldemenl,considérablement
conslilueiil,constituent
conslruclions,constructions
contest^,contesté
contiscation,confiscation
contrrjle,contrôle
conven-lion,convention
convercle,couvercle
converte,couverte
Corinthc,Corinthe
correspondie,correspondre
corrigei-,corriger
cou Ire-amiral,contre-amiral
cou- rir,courir
coUaliorer,collaborer
coUines,collines
coulees,coulées
coup.Lesouvriers,coup. Les ouvriers
courarit,courant
courroiè,courroie
couvorte,couverte
couvre.joinl,couvre-joint
cp'il,qu’il
cpi',qu’
cpie,que
cpii,qui
Crèle,Crète
Crèli;,Crète
crélois,crétois
creusd,creusé
crili((ue,critique
crini^re,crinière
criti(jue,critique
croil,croit
croiri',croire
CsbcuIus,Cœculus
Cseculus,Cœculus
csl,est
cst,est
Ct;tte,cette
ctre,être
cuile,cuite
cuiles,cuites
cùlé,côté
cunnne,comme
cxnminanl,examinant
d cludier,d’étudier
d.ms,dans
d'.\théna,d’Athéna
d'.Mfred,d’Alfred
D'&THlNES,D’ATHÈNES
d'a{>rès,d’après
d'admellrc,d’admettre
d'Alhéna,d’Athéna
d'Alhènes,d’Athènes
d'Alhùnes,d’Athènes
d'allribuer,d’attribuer
d'Allu-nes^,d’Athènes
d'Amalthée(9).DansPindare,d'Amalthée (9). Dans Pindare
d'amélioralion,d’amélioration
d'Anlicyre,d’Anticyre
D'apr^s,D’après
d'ar^,d’art
D'ARCH^OLOGIE,D’ARCHÉOLOGIE
D'ARGENTRENCONTRE,D'ARGENT RENCONTRE
d'Arislojdiane,d’Aristophane
d'Arislophanc,d’Aristophane
d'Ath^nes,d’Athènes
d'Ath^nM,d’Athènes
d'aTHÈNES,D’ATHÈNES
D'ATII ÈiNES,D’ATHÈNES
d'Atliônos,d’Athènes
D'aulre,D’autre
d'aulres,d’autres
d'cnCancc,d’enfance
d'ctonnement,d’étonnement
d'dt^,d’été
d'e.\emplaires,d’exemplaires
d'ébau-clier,d’ébaucher
d'em'oi,d’envoi
d'Esculapc,d’Esculape
d'HerakIcion,d’Héraklion
d'ilalic,d’Italie
d'ime,d’une
d'imporlancc,d’importance
d'insisler,d’insister
d'int^r^t,d’intérêt
d'jiillenrs,d’ailleurs
d'ornementsen,d’ornements en
d’)ètre,d’être
d’Alhcncs,d’Athènes
d’Alhèncs,d’Athènes
D’ANcIES,D’ANCIEN
d’appli<|uera,d’appliquer à
d’Artdmis,d’Artémis
d’au- tre,d’autre
d’au- tres,d’autres
d’ê- tre,d’être
d’ê’tre,d’être
d’encou- rir,d’encourir
d’enlon-noir,d’entonnoir
d’ètre,d’être
d’intliger,d’infliger
d’nne,d’une
d’ofl’rir,d’offrir
d’oti,d’où
d’urie,d’une
d"érudits,d’érudits
d*A4hênes,d’Athènes
d*Antium;,d’Antium;
d*après,d’après
d*Aricia,d’Aricia
d*étre,d’être
d*ètre,d’être
d*exercer,d’exercer
D*HIBT01RS,D’HISTOIRE
d*ornements,d’ornements
d^Éleusis,d’Éleusis
d^livr^s,délivrés
d^placent,déplacent
d^s,des
d^ves,élèves
DaDS,Dans
DAHCHÉOLOGUKS,D’ARCHÉOLOGUES
DAllKMBERG,DAREMBERG
dalo,date
dansla,dans la
Dansla,dansla
dansles,dans les
Dansles,dans les
Darcmberg,Daremberg
Darembeig,Daremberg
Dartliès,Darthès
davanlafo,davantage
DB,DE
dcBœckh1,de Bœckh 1
dcDodwell,de Dodwell
dclatantes,éclatantes
dcoles,écoles
dçs,des
ddbuts,débuts
ddcouvertes,découvertes
ddcouvre,découvre
ddfaillances,défaillances
ddfauts,défauts
ddfendre,défendre
ddfendu,défendu
ddfinitif,définitif
ddja,déjà
Ddlos,Délos
ddtachent,détachent
ddvots,dévots
dé'jà,déjà
de« bout,debout
de« venir,devenir
débals,débats
débarquai!,débarquait
debarrasser,débarrasser
debiteur,débiteur
debris,débris
debut,début
déc'sil's,décisifs
déc/^u-,décou-
decadence,décadence
Decadence,décadence
decembre,décembre
Decembre,décembre
decès,décès
Decès,décès
decharge,décharge
dechéance,déchéance
decider,décider
Déclara,déclara
Déclarations,déclarations
Déclare,déclare
Déclarée,déclarée
declarés,déclarés
dècoHiverts»,découvertes
décorès,décorés
décou^vertes,découvertes
découverle,découverte
decouvert,découvert
decouverte,découverte
decouvre,découvre
décrivenl,décrivent
deCùme,de Cume
dédiielimis,déductions
déeoiivertes,découvertes
déeril,décrit
defunt,défunt
degoût,dégoût
dejà,déjà
dejiuis,depuis
délail,détail
délails,détails
delais,délais
Delauiiay,Delaunay
delibération,délibération
delibérations,délibérations
delibérer,délibérer
delire,délire
delit,délit
delits,délits
delivrance,délivrance
delivrée,délivrée
delivrer,délivrer
Déloe,Délos
delord,de lord
demarche,démarche
demon,démon
demontré,démontré
demontrer,démontrer
dénomina-lion,dénomination
déoouverle,découverte
depart,départ
departement,département
depasser,dépasser
depend,dépend
dependant,dépendant
dependent,dépendent
dePenses,dépenses
deposition,déposition
Depuisqiie,Depuis que
Deputés,députés
der/iin-,dernier
derrièreThésée,derrière Thésée
desaire,défaire
desastres,des astres
deserts,déserts
desespoir,désespoir
designation,désignation
designe,désigne
designé,désigné
designée,désignée
designées,désignées
designés,désignés
desir,désir
Desir,désir
desire,désire
desirer,désirer
désirnble,désirable
desirs,désirs
Desirs,désirs
deSolon",de Solon
desoncôté,de son côté
desordres,désordres
desormais,désormais
desPropylées,des Propylées
details,détails
detention,détention
determiné,détermine
determinée,déterminée
determiner,déterminer
detourner,détourner
detruit,détruit
deu.x,deux
deug,deux
Deux^Mondes,Deux-Mondes
deuxvilles,deux villes
devail,devait
deveoflie,devenue
deVlnst,de l’Inst
devouement,dévouement
dezèleetplusdemaladresse,de zèle et plus de maladresse
dgalement,également
diamè- tre,diamètre
Dicliiiiintiire,Dictionnaire
Diclinnnaire,Dictionnaire
Diclionary,Dictionary
Diclioniiaire,Dictionnaire
diclionnaire,dictionnaire
Diclionnairi',Dictionnaire
Dictionnit're,Dictionnaire
DicTiow aiim:,Dictionnaire:
Dictirmmiire,Dictionnaire
DIDIEH,DIDIER
diËFérents,différents
DiERKs,Dierks
différcnls,différents
différencialions,différenciations
diflicullos,difficultés
diftîcile,difficile
diie,dite
Diirpfeld,Dörpfeld
dil-il,Dit-il
dil'licile,difficile
dilïicilc,difficile
dilléraienl,différaient
dilTérents,différents
diminue]',diminuer
Diocléticn,Dioclétien
dirccle,directe
direc« teur,directeur
direefemenl,directement
DiRKCTKiiR,DIRECTEUR
disciplini!,discipline
dislance,distance
dispaiu,disparu
disparuesj,disparues
disposiliou,disposition
ditlîculté,difficulté
ditYérence,différence
divertissementqu'ils,divertissement qu'ils
dk,de
DK,DE
Dl,DE
dnns,dans
do,de
documenl,document
documenls,documents
Dodwcll',Dodwell
doeiinienls,documents
doeunieiits,documents
doeunients,documents
doil,doit
doimé,donné
dom&ine,domaine
don!,dont
done,donc
donl,dont
dord,doré
dordes,dorées
dossc-lels,osselets
doule,doute
douleureuse,douloureuse
douleureux,douloureux
douze,Conze
dquar-,équar-
draclimes,drachmes
drapdes,drapées
droiI.,droit
droile,droite
dt'jà,déjà
dtait,était
dtapes,étapes
DTCTIONN \II{I,DICTIONNAIRE
dtiligncr,d’aligner
dü,du
DuHN,Duhn
Dumnlicrg,Daremberg
DumonI,Dumont
Dumonl,Dumont
DUTUITLA,DUTUIT LA
Dynaftie,Dynastie
dynaftie,Dynastie
dyuasli(|ue,dynastique
E,F
e'esL,c’est
e»,en
e(,et
é/é,été
Ea,en
EA,en
eA,en
easuite,ensuite
éb^vée,élevée
échtipptiil,échappait
eclair^,éclairé
Ecole,École
ecole,école
Ecos,Eros
ĕcrit,écrit
édilice,édifice
édisice,édifice
editeur,éditeur
editeurs,éditeurs
EDMO.ND,EDMOND
Edouard,Édouard
Ee,ce
EE,ce
eE,ce
eela,cela
éeliouail,échouait
ees,ces
éetat,éclat
efprit,esprit
Efprit,esprit
égjpto-phénîcien,égypto-phénicien
Eglise,Église
eglise,Église
Egypte,Égypte
egypte,Égypte
egyptiens,égyptiens
éhil,état
éîait,était
einture,peinture
eintures,peintures
éj)0(jue,époque
el,et
élabli,établi
élages,étages
élaienl,étaient
élaient,étaient
élail,était
élal,état
élaldil,établit
élanl,étant
elc.,etc.
élé,été
élé-menls,éléments
élege,éloge
elfel,effet
elfet,effet
èli'(',être
elie,elle
elïilé,effilé
Elisabeth,Élisabeth
ÉLivK,ÉLÈVE
ellel,effet
ellemême,elle-même
Ellemême,elle-même
élnienl,étaient
èlrc,être
êlrc!,être
èlre,être
Élrurie,Étrurie
élrusi/Jie,étrusque
elTort,effort
élude,étude
éludes,études
éludié,étudié
élyniologics,étymologies
émérile,émérite
émif^ra,émigra
Emmandil,Emmanuel
empleyer,employer
EMPRUNTE!: S,EMPRUNTÉES
en- tre,entre
en. tre,entre
Encyclojiédies,Encyclopédies
enfantsurlachèvre,enfant sur la chèvre
Ënfm,Enfin
enfuite,ensuite
Enfuite,ensuite
Enlin,Enfin
enlraif,entrait
enlrelenaienl,entretenaient
enlreprenail,entreprenait
enluminds,enluminés
enscndjlc,ensemble
enser,enfer
ensin,enfin
ensuilc,ensuite
entahlement,entablement
entevant,enlevant
entranl,entrant
eoiicoiirenl,concourent
EOLLEC1 ION,COLLECTION
eollections,collections
eomballail,combattait
eomme,comme
eompli((uée,compliquée
eomposenl,composent
Eond,Fond
eoniplt',compte
eonlre-amiral,Contre-amiral
eonnaîlre,connaître
eonsi-déi'idile,considérable
eonslruelions,constructions
Eorme,Forme
Eouqué,Fouqué
eousidévahles,considérables
eouummlanl,commentant
ephèbe,éphèbe
ephore s,éphores
épidemie,épidémie
épidemies,épidémies
épidemique,épidémique
épo(jue,époque
époipie,époque
équ^tre.,équestre.
eraignail,craignait
erémalion,crémation
eros,éros
erres,terres
érudil,érudit
érudils,érudits
es(,est
eschichte,Geschichte
esl,est
esL,est
Esl,Est
Esl-cc,Est-ce
essenliellcmenl,essentiellement
essenlielles,essentielles
est-àdire,est-à-dire
està-dire,est-à-dire
esth^tique,esthétique
esthdtique,esthétique
et^,été
étail,était
etait,était
étaitadministré,était administré
etat,état
Etats,États
etats,États
etd,été
etd'ossements,et d’ossements
etde,et de
etDe,et de
Etde,et de
ete,été
EtE,été
Eté,été
eté,été
êti*e,être
Etienne,Étienne
ETIENNE,Étienne
étiolegie,étiologie
etles,et les
etlt-il,eût-il
etos,clos
etqueson,et que son
etre,être
ètre,être
Étrusijue,Étrusque
ÉTtJDB,ÉTUDE
ÉTUDB,ÉTUDE
ETUDF,ÉTUDE
etudfe,étude
eu.v,eux
Euiope,Europe
eulre,entre
eumbal,combat
eux-m^mes,eux-mêmes
évoluai!,évoluait
eVs(,c’est
exacte« tement,exactement
excellenle,excellente
EXCOBSIQNS,EXCURSIONS
exemplatres,exemplaires
exenq^lC,exemple
exercd,exercé
exigeai!,exigeait
exigi'ons,exigeons
exislanls,existants
exnel,exact
expérinienlés,expérimentés
exposd,exposé
f^te,fête
f|uc,que
fa^ons,façons
faanilos,grandes
fabri(iu('s,fabriqués
fabricatiini,fabrication
fabriquai!,fabriquait
fafuilles,familles
faiie,faire
fail,fait
failagc,faitage
failières,faîtières
faiteparThéodotosd'un,faite par Théodotos d’un
Fart,l’art
fart,l’art
faui,faut
Fbbmiqui,Fernique
FÉcole,l’École
fégypte,l’égypte
fêle,fête
félégance,l’élégance
fémme,femme
fenê. tre,fenêtre
fépaule,l’épaule
férable,l’érable
ferre-cuite,terre-cuite
ferres,terres
Ferres,Terres
ferres-cuites,,terres-cuites,
fétc,fête
fèuilles,feuilles
fftfllt'nvn,Hellenen
Fhontox,Fronton
fiaîtes,faite
fiel les-,belles-
fiRÉCB,GRÈCE
flalteuse,flatteuse
flanqué.de,flanqué de
flans,dans
flansla,dans la
foetus,fœtus
Foetus,fœtus
Foeuvre,l’oeuvre
foi'ces,forces
fondamenlal,fondamental
fonl,font
fonth'',fondé
for/né,formé
Forifice,l’orifice
forinuli'r,formuler
FOTTFER,POTTIER
fout,font
fouvent,souvent
fragnienl,fragment
française^,françaises
Franco,France
FRANG&n,FRANÇAISE
Frangalaos,Française
fU|,fut
funèpres,funèbres
fur,für
furnom,surnom
furnommé,surnommé
FuRTwÄRGLEn,Furtwängler
Fuuquiéres,Fouquières
G raser,Graser
G1GANT0- MACHIE,GIGANTOMACHIE
ganche,gauche
GARTAULT,CARTAULT
Garthage,Carthage
Gatal.ofthe,Catal. of the
gaucho,gauche
Gazelle,Gazette
gcometrisciien,geometrischen
Ge,Ce
genre,c’esl-à-dirc,genre, c’est-à-dire
géof/rapJiie,géographie
geomé-triques,géométriques
géomélrique,géométrique
géomélrupies,géométriques
Geux,Ceux
Ghaldée,Chaldée
gi(jue,gique
Gicéron,Cicéron
gigantes(|ue,gigantesque
gitjiie,gique
Giuscppe,Giuseppe
Gl- GANTOMACHIE.,GIGANTOMACHIE.
Gnzette,Gazette
GOLLtoB,COLLÈGE
Golse,Golfe
goni,goût
Götterversamnilung,Götterversammlung
Gr^ce,Grèce
gra'car,graecar
gra/id,grand
gràber,Gräber
graïul,grand
Grascr,Graser
Gratter,Gräber
Gravièrc,Gravière
Grdce,Grèce
grec(]ues,grecques
grec(|ues,grecques
grec(jue,grecque
grec0ie,grecque
grece,Grèce
Grece,Grèce
Gréce,Grèce
greceten,grec et en
GRÈCfci,GRÈCE
GRECQ.UE,GRECQUE
GRÈGE,GRÈCE
grsLce,grâce
gu'à,qu’à
gu'il,qu’il
gu^re,guère
GUBRRB,GUERRE
gue,que
Guienne,Guyenne
hauveur,hauteur
hcllc,belle
Hcoles,Écoles
heancoup,beaucoup
HÉDICIS,MÉDICIS
Hegire,Hégire
Hejdemaun,Heydemann
hel« Ioniques,helléniques
Hellcnen,Hellenen
helle'nique,hellénique
helléniciue,hellénique
hellenisclie,hellenische
Hémoslbène,Démosthène
Héperl,Répert
Héphais- tos,,Héphaistos,
Hermaich,Hermarch
Hermogencs,Hermogenes
Heslia,Hestia
hesog-ne,besogne
Hétas,Hélas
Hetiri,Henri
heUes-lettres,belles-lettres
heuie,heure
Hevue,Revue
Heydcmann,Heydemann
Hicn,Rien
hicn,bien
Hidcrire,Histoire
Hiftoire,Histoire
hiftoire,Histoire
hisloricns,historiens
HISTOIAB,HISTOIRE
HISTOIRB,HISTOIRE
hloc,bloc
hoiilieurs,honneurs
hoimnes,hommes
Homa,Roma
Homa,,Roma,
Home,Rome
hommaife,hommage
honimesqui,hommes qui
honmie,homme
Hume,Rome
HYCÉNES,MYCÈNES
hypolhèse,hypothèse
hypothèsp,hypothèse
i ntéressa//fes,intéressantes
i-éaliLé,réalité
i;onlroversé,controversé
I.acédémone,Lacédémone
I.NSTITL'TIONS,INSTITUTIONS
I'illusion,l’illusion
I'outillage,l’outillage
i)orlent,portent
I/ar-lisle,l’artiste
i^rec(pies,grecques
i^rtnids,grands
i^uère,guère
i>tre,être
I>U,DU
i3COLLECTION,COLLECTION
îa,la
ÎA,la
iaiportance,importance
Icières,trières
iddes,idées
idocs,blocs
iei,ici
iEmilius,Emilius
ih'bit,débit
ihoisii-,choisir
Ihomme,l’homme
iiasards,hasards
iiiscript,inscript
iiniforuu'numl,uniformément
iinmédialement,immédiatement
iinmhre,nombre
iiommage,hommage
ijrec,grec
iju'il,qu’il
Ikulschc,Deutsche
il'un,d’un
ilconteste,il conteste
Ilcuzev,Heuzey
Ilècabè,Hècabè
ilesiod,Hesiod
Ileu/ev,Heuzey
Ileydemann'^,Heydemann
Iliéromnémons,Hiéromnémons
Ilirschfeld,Hirschfeld
Ilirsehfeld,Hirschfeld
Ilirselileld,Hirschfeld
ilo,de
Ilolbig,Helbig
ilomolle,Homolle
imaginalion,imagination
IMcrofole,l’Acropole
iMeistersignaturen,Meistersignaturen
Imhoof-Blûraer,Imhoof-Blümer
îmngc,image
Impi,Lupi
imporlante,importante
imporlantes;les,importantes ; les
importo,importe
IMPRIMERIB,IMPRIMERIE
Ims-i'clicf,Bas-relief
iN'ous,Nous
in(|uiétaient,inquiétaient
in(li(|iie,indique
in^gal,inégal
inameuvrer,maneuvrer
incerlilnde,incertitude
incerlilndes,incertitudes
incoménienls,inconvénients
independamment,Indépendamment
indiflFérence,indifférence
Ini,lui répondis-je
Ini|ir,Impr
iniagiers,imagiers
inicrprèles,interprètes
iniluence,influence
Inire,faire
inlcrmédiaire,intermédiaire
inléres-sant,intéressant
inléressjmles,intéressantes
inlerprélanl,interprétant
inlluencer,influencer
inlluent»,influence
inlroduisirenl-ils,introduisirent-ils
inonuincnls,monuments
inouvemenl,mouvement
Inqnelle,laquelle
Inscnptions,Inscriptions
inscrip-lions,inscriptions
inscriprions,inscriptions
insérail,insérait
insigiiia,insigna
Insl,Inst
inslanlanémeuf,instantanément
INTRODUGTiON,INTRODUCTION
Inutilé,Inutile
inutilé,inutile
inutilé,,inutile,
inutilé1,inutile1
inutilé2,inutile2
inveulécs,inventées
invoqu6,invoqué
ioue,loue
iour,jour
IOUR,jour
Iour,jour
ioUr,jour
ipie,que
ipii,qui
Irailéi',traitée
irendre,gendre
Iribord,tribord
Iributet,tribut et
Irièrc,trière
Irièrcs,trières
Irière,trière
Irière,,trière,
Irière.,trière.
Irières,trières
Iriomphant,triomphant
Irniivc,trouve
Irnp,trop
Irop,trop
Irouvaille,trouvaille
iStils,Stils
Itayel,Rayet
Itcinach,Reinach
Itenard,Renard
Itou,Rev
IVagmenl,fragment
IVagmenls,fragments
IVappail,frappait
iVAthéna,d’Athéna
IVpoqnc,l’époque
Ix'iIiiticn(,bâtiment
J'afel,Tafel
J'yrenonce,J'y renonce
j’enlrepris,j’entrepris
j)as,pas
J)e,De
j)r<)veiiant,provenant
j)résent,présent
j)resscnt,pressent
j)ublic,public
Ja|ion,Japon
jai,j’ai
jdus,plus
Jého\ ah,Jéhovah
jialais,palais
jiarade,parade
JiÉSUMÉES,RÉSUMÉES
Jiludes,Études
jioinl,point
jioint,point
jionsée,pensée
jirovenaienl,provenaient
jkmiiiis,permis
Jlfycènes,Mycènes
jmur,pour
jtremier,premier
jue,que
jui,qui
Jui-mème!,Lui-même!
jui!let).,juillet).
Julcs,Jules
jus(|u'au,jusqu’au
jusi|u,jusqu
jusiiu'en,jusqu’en
juslemenl,justement
jusles,justes
jusqu'ù,jusqu’à
Jusqulci,Jusqu’ici
justilié,justifié
KDMOND,EDMOND
Keinach,Reinach
Keitende,Reitende
Kf'kulé,Kekulé
kilomètrcs,kilomètres
Klcusis,Éleusis
Klle,Elle
Knôclielspitl,Knöchelspiel
Knùcltelspielerin,Knöchelspielerin
KoERTE,Koerte
KöjitV,Köpfe
Komains,Romains
Komödien-Sceuen,Komödien-Scenen
Komödien-Sceuen,,Komödien-Scenen,
Krausc,Krause
Ksl,Est
KT,ET
Kuirre,suivre
Kxlrail,Extrait
Kxtrait,Extrait
l,e.s,les
l.aliyrintlie,labyrinthe
l'.Vngleterre,l’Angleterre
L'A HT,L’ART
l'acilonienl,facilement
l'AI'riiiue,l’Afrique
l'aRCHÉOLOGIE,L'ARCHÉOLOGIE
l'archéolosTie,l’archéologie
l'arclionlal,l’archontat
l'arlislc,l’artiste
l'arlisle,l’artiste
l'arlislo,l’artiste
l'arrhileclure,l’architecture
l'arrôt,l’arrêt
l'Assemldée,l’Assemblée
l'assijcier,l’associer
l'atlmie,l’atimie
l'aulre,l’autre
l'ausan,Pausan
l'avanl,l’avant
l'axez,l’avez
L'blgypte,L’Égypte
l'cmporlenl,l’emportent
L'dtude,L’étude
l'e.xactitude,l'exactitude
l'éâlise,l’église
L'ÉCOLB,L’ÉCOLE
L'ÉCOLK,L’ÉCOLE
l'Ecolo,l’École
l'édilice,l’édifice
L'Ëgypt«,L’Égypte
l'Ëirurie,l’Étrurie
l'élatde,l’état de
l'èmaïlleric,l’émaillerie
l'énormilé,l’énormité
l'esl,l’est
l'etforl,l’effort
l'Euphrale,l'Euphrate
l'extréinité,l’extrémité
L'hislnire,L’histoire
l'i-lection,l’élection
l'i'au,l’eau
l'iance,France
l'iiiscriplioii,l’inscription
l'Iionncur,l’honneur
l'iionnue,l’homme
l'iïuropc,l’Europe
l'im,l’on
l'imaginalion,l’imagination
l'in« térieur,l’intérieur
l'inlroduclion,l’introduction
l'innuence,l’influence
l'inscriplion,l’inscription
l'intiniitt',l’intimité
L'invalidequi,L'invalide qui
l'invenlion,l’invention
l'iuscriplion,l’inscription
L'lNSTn U T,L’INSTITUT
l'oirensé,l’offensé
l'onuo,formes
l'orl,fort
l'OTTIlil!,POTTIER
l'rnicipaux,Principaux
l'rofinzen,Provinzen
l’admet- tre.,l’admettre
l’aftluence,l’affluence
l’amphithéâ- tre,l’amphithéâtre
l’an tre,l’antre
l’arlicle,l’article
L’au- tre,L’autre
l’au-tre,l’autre
l’aulre,l’autre
l’encon.tre,l’encontre
l’épo.jue,l’époque
l’esl,l’est
l’Euiope,l’Europe
l’eut-ètre,peut-être
l’Hécalompûdon,l’Hécatompédon
l’imaginalion,l’imagination
l’Ksl,l’Est
l’nne,l’une
l’our,pour
l’ozzo,Pozzo
l’rag-mcnl,fragment
l('S,les
l('s,les
L(ju\ie,Louvre
l)clle,belle
l)i|iy|on,Dipylon
l*art,l’art
l<'s,les
la(|uell(',laquelle
labyrintlies,labyrinthes
lace,face
lacédémonicnne*,lacédémonienne
Laco• nie.,Laconie.
Laelilia,Laetitia
lai|uelle,laquelle
lail,lait
lainc!,laine
lairc,faire
laisail,faisait
laissd,laissé
laisse)',laisser
lAIusée,Musée
lalin,latin
lalinc,latine
lamiliers,familiers
langnissail,languissait
lantûl,tantôt
laPhénicie,la Phénicie
lapjielait,rappelait
lapolychromie,la polychromie
lar<^eur,largeur
larpiltcurs,harpilleurs
lasculpt,la sculpt
Latiimi,Latium
LÂTIUM,LATIUM
laulôl,tantôt
lautre,l’autre
LB8,LES
LBft,LES
Lcfuel,Lefuel
Lcipzifi,Leipzig
Lclronne,Letronne
Lcmailrc,Lemaitre
Lcmaîlrc,Lemaitre
Lcmallre,Lemaitre
Lcmatlre,Lemaitre
lcrminé,terminé
le»,les
LE\PLICATI05,L’EXPLICATION
le$,les
lectcars,lecteurs
lécylhes,lécythes
ledémotiquc),le démotique)
ledeurs,lecteurs
legataire,légataire
lege,loge
Lege,loge
leger,léger
Leger,léger
legères,légères
leges,loges
Leges,Loges
legis,logis
Legis,logis
legislateur,législateur
LEGISLATION,législation
legislation,législation
lei/rs,leurs
lein,loin
leinle,teinte
leLatium,le Latium
lèle,tête
Lemailre,Lemaitre
lemple,temple
leng,long
lengue,longue
lequelseplongeait,lequel se plongeait
ler,1er
leR,1er
Ler,1er
lEr,1er
lER,1er
Léramique,Céramique
leRd,lord
lerenconlre,le rencontre
lerrasse,terrasse
lerrasse,,terrasse,
lerrasse.,terrasse.
lés,les
les<,les
Lescoins,Les coins
lesproDiers,les premiers
let.tre,lettre
lets,lots
Lets,lots
letTain,terrain
leuer,lever
leups,loups
lexle,texte
LEXPLICATION,L’EXPLICATION
li'oupeaux,troupeaux
liàle,hâte
liàler,hâter
lialiilant,habitant
liasardenl,hasardent
LiBBAimii,Librairie
Libnlr*,Librairie
LIBRAIRES-ÉDITEUKS,LIBRAIRES-ÉDITEURS
libremenl,librement
licviie,Revue
lidélilé,fidélité
lielléni(pie,hellénique
liellénisti(jue,,hellénistique,
lienl,tient
lieuzey,Heuzey
lig,fig
liguies,figures
ligure,figure
liguré,figuré
ligures,figures
ligurés,figurés
ligures,,figures,
ligures.,figures.
lihre,libre
liie,lire
liien,bien
liier,hier
liiiïre,chiffre
liiilletin,Bulletin
liion,Ilion
liion.,Ilion.
liisloire,histoire
liislorique,historique
liivre,livre
liles,files
lilli|tuli(ms,lilliputiens
lilre,titre
LilTIUBf,LATIUM
lïoekli,Böckh
liommes,hommes
lionune,homme
liorizoutalement,horizontalement
LIOUB,LIGUE
lirebis-'*,brebis
liremiers,premiers
Litcralurzeilwnj,Literaturzeitung
littéraii'es,littéraires
liture,figure
liunniin,humain
livi('s,livrés
livranl,livrant
lixer,fixer
ljgnl,juge
llarqoardt,Marquardt
llcuzcï,Heuzey
llenaissance,Renaissance
llérou,Héron
lleydemann,Heydemann
lliéromnémon?,Hiéromnémons
lliisl,Hist
llirschfchl,Hirschfeld
lln*anilcs,thranites
Lnpi,Lupi
Loi’S(|iic,Lorsque
loisii',loisir
loit,toit
Lolles-ci,Celles-ci
lomlies,tombes
lomps,temps
longilu-dinal,longitudinal
longte!.::ps,longtemps
lonie,Ionie
lorl,fort
lors(jue,lorsque
lorscalculer,lors calculer
lorsqueMaximus,lorsque Maximus
Louis-Napoleon,Louis-Napoléon
loul,tout
loule,toute
loules,toutes
lroj►,trop
ltaoul,Raoul
LTne,Une
lui-niénie,Lui-même
lui-niOiiiu,Lui-même
luibitanL,habitant
luirépondis-je,lui répondis-je
luissunl,laissant
lumi neu.r,lumineux
lumi^re,lumière
lun,l’un
lunenbild,Innenbild
lutine,latine
luul,tout
Lysicrale,Lysicrate
lYul-èlre,peut-être
m-onde,monde
m'écouteavec,m’écoute avec
m^m6,même
m^me,même
m^mes,mêmes
m^thode,méthode
m6me,même
Ma//asin,Magasin
magnifiepie,magnifique
maî- tre,maître
maî- tre.,maître.
maî- tres,maîtres
maî.tre,maître
maîLi'es,maîtres
mainlcnanl,maintenant
mainlenanl,maintenant
mala- die,maladie
mala- dies,maladies
mala- dresse,maladresse
mala- dresses,maladresses
mala- droit.,maladroit.
mala- droite,maladroite
mala- droite»,,maladroite»,
mala- droits,maladroits
malin»,marine
manids,maniés
manièire,manière
maniil'acUirys,manufactures
manoeuvres,manœuvres
Manoeuvres,manœuvres
mar/istra/s,magistrats
marchd,marché
Marjusin,Magasin
masquos,masques
matdriaux,matériaux
mati^re,matière
matit^res,matières
mdtallique,métallique
mdthodique,méthodique
méconnaî- tre,méconnaître
Meiek,Meier
melanges,mélanges
mêléde,mêlé de
melfaif,mettait
mélhode,méthode
mélliode,méthode
mellre,mettre
mème,même
menlalemenl,mentalement
menlionnée,mentionnée
mentioimés,mentionnés
met- tre,mettre
méthodiquemjent,méthodiquement
Méthodiquemjent;,.,Méthodiquement;,.
métiei',métier
métiiodes,méthodes
métliodiquc,méthodique
mêtre,mètre
mêtres,mètres
meur- tre”?,meurtre”?
MfEUns,MOEURS
MIle,Mlle
MIle,Mlle
MILE T,MILET
MILE’T,MILET
milien,milieu
Minolaure,Minotaure
Minolaure'',Minotaure
Minotaurequi,Minotaure qui
Mist,Hist
Mittheilungeriy,Mittheilungen
mklanges,mélanges
Mn'ja^iit,Magasin
mnis,mais
mnnière,manière
mnrche,marche
mo-dilicaLions,modifications
MO.N.NAIES,MONNAIES
moded'exis-,mode d'exis-
modei*ne,moderne
modem,modern
Modem,Modern
modem,,modern,
modifi^,modifié
modilicalions,modifications
moditications,modifications
Moffasin,Magasin
moilié,moitié
Môme,Même
mon tre,montre
mon- tre,montre
monn'ul,moment
mont^,monté
Mot/en,Moyen
mou- rir,mourir
moulons,moutons
mSCUTËES,DISCUTÉES
mslrimienl,instrument
MTGËNES,MYCÈNES
muiiicipé,municipe
Mûller,Müller
MUSEE,MUSÉE
Musi'c,Musée
mutlmiaasslich,muthmaasslich
MùUer,Müller
Mycèwes,Mycènes
mytholo(jue,mythologique
N illofossc,Villefosse
n':»lisant,réalisant
n'aimail,n’aimait
n'écbapjie,n’échappe
n'es!,n’est
n'nblienl,n’obtient
n'opt,n’ont
n’avaient,n’avaient
n’avail,n’avait
n’esl,n’est
n*a-t-elle,n’a-t-elle
n*est,n’est
n0tre,notre
nailre,naitre
nArrORTK.NT,RAPPORTENT
navetie,navette
navigalion,navigation
navigalions,navigations
nécessairemon!,nécessairement
nécetsile,nécessite
néecssaircnuml,nécessairement
néeessilé,nécessité
nellcmcul,nettement
nementionne,ne mentionne
NEUVltME,NEUVIÈME
niailu'iireiiseinenl,malheureusement
nialhémaliquemenl,mathématiquement
niameuvres,maneuvres
niatiôres,matières
niélliode,méthode
nietf/e,mettre
niilieu,milieu
Nikostheues,Nikosthenes
nionunirnl,monument
nipporl,rapport
niythologiiiuci,mythologiques
nlains,mains
nne,une
nnvires,navires
no- tre,notre
nô- tre,nôtre
noihades,nomades
noir<itre,noirâtre
noiresindiquent,noires indiquent
nolalde,notable
nom.méedans,nommée dans
nombreu.i,nombreux
nonssavons,nous savons
noo,non
nord-esl,Nord-est
nosjours,nos jours
nour- rir,nourrir
nourriluru,nourriture
nourrissaitde,nourrissait de
nricnlnle,orientale
nrlail,n’était
nu'-lhodd,méthode
nu'il,qu’il
nu)indre,moindre
nulres,autres
nvnil,avait
nVs(,n’est
O'esl,C’est
o[)j)osition,opposition
oà,où
Oà,Où
OB,DE
ocru|>rr,occuper
œiivre,œuvre
œjgypte,égypte
œjpigrammes,épigrammes
œmischen,rœmischen
œnoché,œnochoé
œnochés,œnochoés
œnochoée,œnochoés
œnochoès,œnochoés
œnochoës,œnochoés
œnochré,œnochoé
œoochoé,œnochoé
œovres,œuvres
œsierreichen,œsterreichen
œslerreich,œsterreich
œstehreichischen,œsterreichischen
œsteireich,œsterreich
œstereichischen,œsterreichischen
œsterreichischunjarischen,œsterreichischungarischen
œsterreicli,œsterreich
œsterreidi,œsterreich
œuochoé,œnochoé
œuphronios,euphronios
œuvrc,œuvre
œuvrcs,œuvres
œuvrè,œuvre
œuvrea,œuvres
œuvri,œuvre
œuvro,œuvre
œuvte,œuvre
œuyre,œuvre
ofancient,of ancient
offensd,offensé
ofi'ensiî,offense
ofi”rir,offrir
ofl’rir,offrir
ofl*rir,offrir
oflcrte,offerte
ofpé,olpé
oh,où
ohscrvé,observé
oht,ont
ohtenu,obtenu
oi'dre,ordre
oii,où
oiî,où
oîi,où
oil,où
oirse,on se
oITerts,offerts
ôlé,été
oll'raiides,offrandes
oll'randes,offrandes
oll’rir,offrir
ollre,offre
OLTMPIB,OLYMPIE
Oniont,Omont
OR^CB,GRÈCE
ORàCB,GRÈCE
ORfcCB,GRÈCE
ori^nes,origines
oriental ion,orientation
orientalisclien,orientalischen
origioes,origines
orionlée,orientée
Orleans,Orléans
oti,où
ou- tre,outre
OUI,QUI
oùl'on,où l'on
Ouoi,Quoi
ouvertun^,ouverture
ouvi-iers,ouvriers
ouvraf>e,ouvrage
p/i/s,plus
p^riode,période
p<*ut-^tre,peut-être
Pa rmi,Parmi
PAÉNBSTB,PRÉNESTE
pai'liculier,particulier
pai*ticulier,particulier
paijs,pays
Palal,Palat
Paleslrina,Palestrina
palmettc,palmette
Paplios,Paphos
paraî- tre,paraître
paraî- tre,,paraître,
paraisscnl,paraissent
Parchitecture;,l’architecture;
parcou- rir,parcourir
parlailemenl,parfaitement
parlailemenl,,parfaitement,
parlailemenl.,parfaitement.
parles,par les
parlesmots,par les mots
parlic,partie
parliciilièrcs,particulières
parlie,partie
parta»,parta-
parvinl,parvint
pass<ftnt,passant
PBfËFA€E,PRÉFACE
pcnl,peut
pdriodes,périodes
pefit,petit
pein- tre,peintre
pelile,petite
peliles,petites
Pentéliqueéblouissants,Pentélique éblouissants
perfeclionnenl,perfectionnent
perfedioimemcnls,perfectionnements
Pergfamon,Pergamon
Pergume,Pergame
perinellaionl,permettaient
permel,permet
permellenl,permettent
permelli'a,permettra
permet- tre,permettre
perspeelivc,perspective
petite-fiUe,petite-fille
peu!,Peut-être
peul,peut-être
peut-('tre,peut-être
peut-^tre,peut-être
Peut-^tre,Peut-être
Peut-ètre,Peut-être
peut-ètre,peut-être
peut-ètre,,peut-être,
peut-iilre,Peut-être
peut-ôtre,peut-être
peut-t^tre,peut-être
peutêtre,peut-être
Peutêtre,peut-être
peuvonl,peuvent
PHÉNBSTE,PRÉNESTE
Philoloijtis,Philologus
Phimation,l’himation
photot ijpiques,phototypiques
physi(jue,physique
piemlro,prendre
pifloî-esr/ue,pittoresque
PIGURES,FIGURES
piltoresque,pittoresque
Pima-,l’ima-
piralcrie,piraterie
pitfurcsfjiir,pittoresque
pl&lre,plâtre
pl&tre,plâtre
plà. tre,plâtre
plâ. tre,plâtre
pla”tre,plâtre
plal-bord,plat-bord
pmir,pour
pmsseiit,puissent
pn-voyait,prévoyait
pninl,point
pnr,par
pnrailrc,paraitre
pnrl,part
pnrlout,partout
po^te,poète
poëte,poète
Poëte,poète
poiiik,point
poinl,point
poinles,pointes
poinls,points
poirine,poitrine
POL^CH?,Q-«lt,POLYCHROME
polenfiique,polémique
polerie,poterie
polycléte,polyclète
Pont-Audemerl,Pont-Audemer
porliipie,portique
PORMES,FORMES
portiqu(;,portique;
posle,poste
posséde,possédé
pOt,pût
Potlicr,Pottier
pou,pour
PoUI,Polit
pourofl’rir,pour offrir
pouvonsnous,pouvons nous
pr^-,pré-
pr^s,près
pr^sente,présente
prAte,prète
prdjugd,préjugé
prdoccupe,préoccupe
prdsidaient,présidaient
prdvaloir,prévaloir
prê- tre,prêtre
pre/niè/e,première
précéde,précède
prédecesseurs,prédécesseur
préhelléniqucs,préhelléniques
prélace,préface
prémalurées,prématurées
PRÉNE8TE,PRÉNESTE
PRÉNESTB,PRÉNESTE
PRÉNESTË,PRÉNESTE
préseixter,présenter
présenle,présente
présenleiil,présentent
présenlnicnl,présentaient
presgue,presque
PRfNESTE,PRÉNESTE
pril,prit
primilivc,primitive
primitifsoudontle,primitifs ou dont le
princU «pale,,principale,
PRINTS,PEINTS
priricipe,principe
PRitlFAGB,PRÉFACE
privil^gides,privilégiées
privildgi^,privilégié
prn-porlions,proportions
pro<^rès,progrès
probl^me,problème
proceRsut,processus
procèsverbal,procès-verbal
Procèsverbal,Procès-verbal
PROCÈSVERBAL,procès-verbal
proci'dé,procédé
profon(leur-,profondeur-
profoode,profonde
progr^s,progrès
proljable,probable
proposions,proportions
prosession,profession
prosit,profit
prosonde,profonde
PROVEiNAiNT,PROVENANT
publi(jue,publique
publicalion,publication
publides,publiées
puis({ue,puisque
puisgue,puisque
PVéSACR,PRÉFACE
qiie,que
qiielijiics-iins,quelques-uns
qiwlques,quelques
qlre,que
qneslion,question
qneslions,questions
qu''l,qu’il
qu’i'lle,qu’elle
qua- tre,quatre
qualitd,qualité
quality,qualité
Qualremcre,Quatremère
quarantedeux,quarante deux
quc,que
quel(|ue,quelque
quel(|ues,quelques
queles,que les
Queles,Que les
queli|ue,quelque
queljue,quelque
quelq|D6s,quelques
queslion,question
Quicheral,Quicherat
Quïdc,Quincy
QUINZltME,QUINZIÈME
qula,quia
r(!production,reproduction
r/iisfoire,l’histoire
r^ponse,réponse
raflinemenls,raffinements
rafTmerie,raffinerie
raitétéd'undixième,rait été d'un dixième
rale/itie,ralentie
rallaehenl,rattachent
rang]',range
rantiquité,l’antiquité
rapidilé,rapidité
Rappoit,Rapport
rapprociie,rapproche
rar,par
rarchitecture,l’architecture
rarmée,l’armée
rattachenl,rattachent
Rauteur,Hauteur
rcmarqué,remarqué
rcnsemble,ensemble
rcntreprise,l’entreprise
rcnvXiyer,renvoyer
rcproduilcs,reproduites
rcslilulion,restitution
rdalitd,réalité
rdcemment,récemment
rdpartie,répartie
rdsolu,résolu
rdvolte,révolte
ré« pondre,répondre
re\cnn,revenu
reclier-,recher-
recomiail,reconnait
réconlortanl,réconfortant
reconnaî- tre,reconnaître
reconsliluer,reconstituer
recou- rir,recourir
recrutaientprincipalement,recrutaient principalement
rédilice,l’édifice
réflechir,réfléchir
réfugiaiI,réfugiait
régalité,l’égalité
regies,règles
régle,réglé
Régles,Règles
regne,règne
regreltable,regrettable
régulièrt!,régulière
rehaussdes,rehaussées
reijretté,regretté
réintégrande,réintégrante
Réintégrande,réintégrante
rélablir,rétablir
relatirs,relatifs
rélhblir,rétablir
reli'ou\er,retrouver
Relieffragmeut,Relieffragment
reliet,relief
relournai,retournai
rem|)laçait,remplaçait
remerci ments,remerciements
rempliraienlpas,rempliraient pas
remporlée,remportée
Renais'sance,Renaissance
rencon- tre,rencontre
rénmnération,rémunération
renseignemcnls,renseignements
renthousiasnie,l’enthousiasme
répli(jue,réplique
representee,représentée
reproduclion,reproduction
reproduils,reproduits
res[)éiance,espérance
resfc,reste
resj)rit,l’esprit
reslc,reste
resle,reste
reslilnlinn,restitution
reslilnlion,restitution
ressortdu,ressort du
restd,resté
resuit,result
reté,roté
retpivent,reçoivent
rEtriirie,l’Étrurie
reu$ement,reusement
rev^tu,revêtu
reveskus,revenus
revôtue,revêtue
rhaf/rin,chagrin
rhistoire,l”histoire
rhumanité,l’humanité
ri'est,n’est
ri'llrurie,l’Étrurie
rijivirc,navire
rimjiorlance,l’importance
rimpression,l’impression
rinjprinieui',l’imprimerie
rinlluence,l’influence
rinsuffisance,l’insuffisance
rir.cendic,l’incendie
rjui,qui
rlans,dans
rllr,elle
rmllenient,nullement
rn,en
RN,EN
rnisonncinenl,raisonnement
rnlrainer,entrainer
rnpproclier,rapprocher
ro chers,rochers
rô|é,côté
roisième,troisième
Rom*,Rome
ron,l’on
ronslruelions,constructions
Rotiiscliild,Rothschild
rouutiue,romaine
rsl,est
rst,est
rUniversité,l’Université
s'adjoigtiit,s’adjoignit
s'appli([ucrait,s’appliquerait
s'appuvenl,s’appuyent
s'csl,s’est
s'élaldit,s’établit
s'enfermei-,s’enfermer
s'enl^vent,s’enlèvent
s'i'-tait,s’était
s'iissocie,s’associe
s'im'tiail,s’initiait
s'occupail,s’occupait
s’alta(jue,s’attaque
s’oll’rir,s’offrir
s"a|)piiquait,s’appliquait
s(îs,ses
s*agir,s’agir
s*écoule,s’écoule
s*être,s’être
s^in,soin
s^rie,série
S0C1I<:TÉ,SOCIÉTÉ
sa-nglanls,sanglants
Sa^lio,Saglio
Sace,Face
sace,face
Saces,faces
saces,faces
sacrisier,sacrifier
Saigon,Saïgon
SAIGON,Saïgon
sail,sait
saim,faim
Saim,faim
SainteConstance,Sainte Constance
sair,fair
Saite,faite
salaireque,salaire que
Salaminc,Salamine
salislait,satisfait
sar,sur
sarcophajre,sarcophage
Sarkopliage,Sarkophage
Satisfaction,satisfaction
Satisfaire,satisfaire
sausse,fausse
Sausses,fausses
sausses,fausses
Saux,faux
sav oir,savoir
savantmemlre,savant membre
SB,SE
sbnt,sont
sc,se
scalpteur,sculpteur
scep- tre,sceptre
Sceuen,Scenen
Schlicmann,Schliemann
scienlifiipie,scientifique
scienliliquc,scientifique
scienliliquc,,scientifique,
scienliliquc.,scientifique.
ScUiemann,Schliemann
sculcmcnl,seulement
sculptdes,sculptées
scventifiques^,scientifiques
Sdinonte,Sélinonte
Sdlinonte,Sélinonte
Seinc-ct-Oise,Seine-et-Oise
semboiteut,s’emboitent
semhic,semble
semlde,semble
senlail,sentait
seoiets,secrets
seplembre),septembre)
Septinie,Septime
sér.»e,série
serai!,serait
serrd,serré
Sesorigines,Ses origines
seuleniful,seulement
seulplcr,sculpter
sevaiL,serait
si·pul« craies,sépulcrales
Si/rie,Syrie
si^clCj,siècle
si^cle,siècle
Siége,Siège
siers,fiers
sigiial^es,signalées
signilicalif,significatif
siiccessivemenl,successivement
siiceédrtienl,succédaient
Siiditalien,Süditalien
SILLE,fille
Sille,fille
silles,filles
Silles,filles
silliouette,silhouette
sillomuiicul,sillonaient
silué,situé
siml,seul
Sine,sine
sines,fines
Sini,fini
sini,fini
sinit,finit
sirent,firent
siurait,saurait
sla-luaire,statuaire
slabililé,stabilité
slabililé,,stabilité,
slabililé.,stabilité.
slahiae,statuae
slriidurc,structure
slructui-e,structure
Sml-Ksl,Sud-Est
snflisanimenl,suffisamment
snns,sans
soele,socle
Soele,Socle
soienl,soient
soii',soir
soiivenl,souvent
soil,soit
soil,,soit,
soixantedouze,soixante douze
solidilé,solidité
solidilé,,solidité,
solidilé.,solidité.
son!,sont
sond,fond
soni,sont
sonl,sont
sonL,sont
soulèse,soulève
soulfrances,souffrances
soull’rir,souffrir
souvenl,souvent
speclaleurs,spectateurs
squViuux,spéciaux
STATUBH,STATUES
Stephan!,Stephani
stijle,style
Strange,étrange
STTLE,STYLE
subsliluc,substitue
suc cède,succède
suc- cédané,succédané
suc- cédé,succédé
suc- céder,succéder
suc- cès,succès
suc- cès,,succès,
suc- cès.,succès.
suc- cesseur,successeur
suc- cesseurs,successeurs
suc- cesseurs,,successeurs,
suc- cesseurs.,successeurs.
suc- cessif.,successif,
suc- cessifs,successifs
suc- cession,succession
suc- cessions,successions
suc- cessions,,successions,
suc- cessivement,successivement
suc- cessives,successives
suc- cessives,,successives,
suc- cessivos,successives
suc- comba,succomba
suc- combe,succombe
suc- combé,succombé
suc- comber,succomber
suc- comber,,succomber,
suc. cesseur,successeur
Sud-Ksl,Sud-Est
sueoossivomonl,successivement
suffi.sanle,suffisante
suflisanle,suffisante
suflisatile,suffisante
sui-veiller,surveiller
SUIETS,SUJETS
suile,suite
SUPÉRIBURB,SUPÉRIEURE
superposilion,superposition
suppleer,suppléer
supposilion,supposition
surloii!,surtout
surlou!,surtout
surloutcomme,surtout comme
surtMit,surtout
surtoul,surtout
surtoutà,surtout à
survien/lent,surviennent
svslèine,système
svslème,système
symboli<jue.,symbolique.
sympatliie,sympathie
syslème,système
syslènies,systèmes
syslènu1,système
t'phémères,éphémères
t(uir,tour
T^clat,l’éclat
t^moin,témoin
t^tes,têtes
TAcadémie,l’Académie
TAcropole,l’Acropole
TAcropole,l’Acropole
Taffaiblissement,l’affaiblissement
Taide,l’aide
Taile,l’aile
tainille,famille
Taisant,faisant
talens,talons
Talens,talons
TAlgide,l’Algide
Tàme,l’âme
Tamour,l’amour
Tanat^re,Tanagre
Tancienne,l’ancienne
Tannée,l’année
tantor,tantôt
TApennin,l’Apennin
Tapprovisionnementde,l’approvisionnement de
Tarchaisme,l’archaïsme
Tarchéologie,l’archéologie
Tarchéologue,l’archéologue
Tarchitecture,l’architecture
Targile,l’argile
Targument,l’argument
Taristocratie,l’aristocratie
Tarmée,l’armée
Tart,l’art
Taspect,l’aspect
Tathena,l’Athéna
taugra,tanagra
taujours,toujours
Tbcmislocle,Thémistocle
TBRRB-CUITB,TERRE-CUITE
Tdgard,l’égard
tdmoignages,témoignages
tdmoigne,témoigne
Tdpoque,l’époque
tdte,tête
teclmi(|ue(1),technique (1)
tefle,telle
tei'ini nerai,terminerai
Teiiacotta-Relief,Terracotta-Relief
TeiTet,l’effet
têle,tête
temj)s,temps
templedela,temple de la
Temploi,l’emploi
tems,temps
Tems,temps
ten~es,terres
Tépoque,l’époque
Teriacottarelief,Terracottarelief
terminde,terminée
Terraeotten,Terracotten
terre-euite,terre-cuite
terre*cuite,terre-cuite
Terrncottas,Terracottas
terumique,céramique
Tesprit,l’esprit
tete,tête
tète,tête
tètes,têtes
tètes,,têtes,
tètes.,têtes.
Texige,l’exige
texlcs,textes
thdorie,théorie
thé,\tre
thé \tre,théâtre
théâ- tre,théâtre
Thistoire,l’histoire
Thydre,l’hydre
ti- tre,titre
tii'sor,trésor
Tiiitcrieur,l’intérieur
TILLE,VILLE
tilles,filles
Timage,l’image
Timagination,l’imagination
tin,fin
Tindif-,l’indif-
Tinfluence,l’influence
Tinfluenoe,l’influence
Tins-,l’ins-
Tinstinct,l’instinct
Tintroduction,l’introduction
Tiris,l’iris
TIRRRCUITR,TERRE-CUITE
Tirschfeld,Hirschfeld
Titalien,l’italien
TKHMKS,TERMES
tlfvons,devons
tlian,than
tliat,that
tlie,the
Tliistoire,l’histoire
Tlnstitut,l’Institut
TO^A€,TOME
Tobjet,l’objet
Tobscu-,l’obscu-
tolerance,tolérance
tomps,temps
Toracle,l’oracle
tôte,tête
touchy,touché
toujc'jurs,toujours
Toulefnis,Toutefois
toulefnis,toutefois
Toulefnis,,Toutefois,
TOULOUSB,TOULOUSE
Tousces,Tous ces
tousiours,toujours
Tousiours,toujours
Toutil,l’outil
Toutillage,l’outillage
tpie,que
tpirhpics,Quelques-uns
tracdes,tracées
trancliée,tranchée
transmel,transmet
trd-,tré-
Trdsor,Trésor
TREIZltME,TREIZIÈME
tres,très
Tri/re,Trière
Tricre,Trière
trilobpé,trilobé
Trivre,Trière
troi/vera,trouvera
Troiie,Troie
trouné,trouvé
Tun,l’un
Tune,l’une
Tunèbre,funèbre
Tunèbres,funèbres
Tusage,l’usage
TuUius,Tullius
u'élail,n’était
ùbereinstimmung,übereinstimmung
ûbergangsstiles,übergangsstiles
ùberhaupt,überhaupt
ûberhôrt,überhört
ùbersetzt,übersetzt
ûbersetzt,übersetzt
ûbertragung,übertragung
ûbrigen,übrigen
ûbservations,observations
ûebungen,uebungen
Ueniente,Clemente
ùenkmaeler,Denkmaeler
ùeuzey,Heuzey
üffentlichen,öffentlichen
ügyptisches,ägyptisches
ügyptisclzen,ägyptischen
UI'CRIVAINS,D’ÉCRIVAINS
UiNE,UNE
Uist,Hist
ùitellectuelle,intellectuelle
ùjouter,ajouter
uliliser,utiliser
ülvmpie,olympie
ùnderground,underground
ùnepiècequi,une pièce qui
Unirisszeichnung,Umrisszeichnung
ùniversity,university
uno,une
unq,une
uoelurne,nocturne
Urgcschichtc,Urgeschichte
Urgcschichtc;,Urgeschichte;
ùsité,usité
ûsterreich,österreich
üsterreich,österreich
ùsuels,usuels
üthiopischen,öthiopischen
ùtile,utile
ùtilité,utilité
UTIUM,LATIUM
utjusie.,injuste
ùtudié,étudié
v^te-,vête-
v^temens;,vêtements;
VAcropole,l’Acropole
Valenlini,Valentini
vanUT,vanter
VArch3Sol,Archaeol
varid,varié
varietds,variétés
Vart,L’art
VArt,L’Art
vascs,vases
vasle,vaste
Vautre,l’autre
vccureBt,vécurent
vdcu,vécu
vé'rilahiement,véritablement
vêlements,vêtements
ven- tre,ventre
venii',venir
venl,vent
verity,vérité
verln-al,vertical
verln-al,,vertical,
verln-al.,vertical.
vermilion,vermillon
veul,veut
vfitue,vêtue
VHistoire,L’Histoire
Viclionn,Dictionn
vicloire,victoire
vicloire,,victoire,
vicloire.,victoire.
VILLB,VILLE
Ville-lossc,Villefosse
VILLfi,VILLE
vme,Vme
vmilu,voulu
vn,Un
Vn,Un
VN,Un
vN,Un
voeu,vœu
Voeu,Vœu
voii',voir
voilk,voilà
volenté,volonté
volentiers,volontiers
Volsgues,Volsques
voultlt-il,voulût-il
vraiscmblahlemenl,vraisemblablement
VUJliE,VILLE
vuse,vase
VUSÉE,MUSÉE
Wcschera,Wescher a
Wcsclier,Wescher
Wcstreiches,Westreiches
Weschcr,Wescher
Xénoplion,Xénophon
Xlau,Mau
YILLB,VILLE
Yirg,Virg
Yulcain,Vulcain
Zeittchr,Zeitschr
1a,la
1e,le
1u,lu
Gela,Cela
Gomme,Comme
Gomment,Comment
môme,même
mômes,mêmes